roi,mics,label,R,G,B,A,coor.x,coor.y,coor.z,network,hemisphere,network_int,bigbrain_g2,bigbrain_g2_network,t1_gradient1_Limbic,quantile_idx,Limbic_diff,t1_gradient1_Default,Default_diff,t1_gradient1_Cont,Cont_diff,t1_gradient1_SalVentAttn,SalVentAttn_diff,t1_gradient1_DorsAttn,DorsAttn_diff,t1_gradient1_Vis,Vis_diff,t1_gradient1_SomMot,SomMot_diff
1,1000,medial_wall,,,,,,,,medial_wall,,7.0,,,,,,,,,,,,,,,,,
2,1001,7Networks_LH_Vis_1,120.0,17.0,128.0,0.0,-33.0,-42.0,-21.0,Vis,LH,6.0,-0.1564907282590866,0.1346319546831436,,,-0.6791961,,-0.8673856,,0.21802899,,-0.53221786,,-1.5184153,0.6529818850260444,,,-0.6801035
3,1002,7Networks_LH_Vis_2,120.0,17.0,129.0,0.0,-30.0,-33.0,-18.0,Vis,LH,6.0,-0.3541007936000824,0.1346319546831436,,,0.0140858665,,-0.25077415,,0.43676493,,-0.18836206,,-1.3409604,1.661735134300653,,,-0.4624554
4,1003,7Networks_LH_Vis_3,120.0,17.0,130.0,0.0,-36.0,-62.0,-17.0,Vis,LH,6.0,0.027878157794475555,0.1346319546831436,,,0.12586132,,-1.1029098,,0.34449658,,-0.88272554,,-1.952338,0.0006848240338470664,,,-0.8224137
5,1004,7Networks_LH_Vis_4,120.0,17.0,131.0,0.0,-24.0,-55.0,-8.0,Vis,LH,6.0,-0.1698518544435501,0.1346319546831436,,,0.5027902,,-0.46043134,,0.61402303,,-0.5788491,,-1.7383027,0.5247364376359529,,,-0.47425464
6,1005,7Networks_LH_Vis_5,120.0,17.0,132.0,0.0,-23.0,-73.0,-10.0,Vis,LH,6.0,0.041214827448129654,0.1346319546831436,,,-0.019235414,,-1.2730606,,0.07972357,,-0.72589964,,-2.105086,0.02955536545358907,,,-0.6022659
7,1006,7Networks_LH_Vis_6,120.0,17.0,133.0,0.0,-36.0,-81.0,-16.0,Vis,LH,6.0,0.17731039226055145,0.1346319546831436,,,-0.19839472,,-1.3407035,,-0.024618877,,-1.1846887,,-1.4311974,0.2701288172587963,,,-0.79562646
8,1007,7Networks_LH_Vis_7,120.0,17.0,134.0,0.0,-18.0,-37.0,-12.0,Vis,LH,6.0,-0.3898700177669525,0.1346319546831436,,,0.31722724,,0.88049924,,0.16904408,,-0.058925275,,-0.9316069,0.2344426666764683,,,-0.15336066
9,1008,7Networks_LH_Vis_8,120.0,18.0,127.0,0.0,-45.0,-70.0,-8.0,Vis,LH,6.0,0.059781234711408615,0.1346319546831436,,,-0.34466985,,-1.5468942,,0.51782817,,-0.47695532,,-1.7111683,1.1223929235755454,,,-0.8557983
10,1009,7Networks_LH_Vis_9,120.0,18.0,128.0,0.0,-17.0,-86.0,-15.0,Vis,LH,6.0,0.3020191490650177,0.1346319546831436,,,-0.21770383,,-1.7172922,,-0.14610076,,-1.1581433,,-2.2067735,0.08161014526484606,,,-0.685832
11,1010,7Networks_LH_Vis_10,120.0,18.0,129.0,0.0,-12.0,-62.0,-5.0,Vis,LH,6.0,-0.036240022629499435,0.1346319546831436,,,0.46208766,,-1.0023526,,-0.05889928,,-0.74017334,,-2.377172,-0.5410207660590499,,,-0.41656592
12,1011,7Networks_LH_Vis_11,120.0,18.0,130.0,0.0,-7.0,-76.0,-6.0,Vis,LH,6.0,0.1528669148683548,0.1346319546831436,,,-0.012949043,,-1.2501012,,-0.4924556,,-0.12377072,,-2.312682,-0.5786141705129093,,,-0.4717545
13,1012,7Networks_LH_Vis_12,120.0,18.0,131.0,0.0,-24.0,-97.0,-12.0,Vis,LH,6.0,0.21978139877319336,0.1346319546831436,,,0.032502986,,-1.3179107,,0.035905614,,-1.2362689,,-1.9321903,0.555306883373056,,,-0.64100915
14,1013,7Networks_LH_Vis_13,120.0,18.0,132.0,0.0,-13.0,-43.0,-5.0,Vis,LH,6.0,-0.33939579129219055,0.1346319546831436,,,-0.12524061,,0.95698684,,0.22515425,,0.12905453,,-0.92617947,0.008093568838705005,,,-0.31627417
15,1014,7Networks_LH_Vis_14,120.0,18.0,133.0,0.0,-41.0,-87.0,-3.0,Vis,LH,6.0,0.14182621240615845,0.1346319546831436,,,-0.049307883,,-1.4162241,,0.32509166,,-1.2281199,,-2.8748791,0.5346399123053179,,,-0.70283914
16,1015,7Networks_LH_Vis_15,120.0,18.0,135.0,0.0,-7.0,-98.0,-7.0,Vis,LH,6.0,0.40233394503593445,0.1346319546831436,,,-0.079405755,,-1.2175376,,0.08792886,,-1.0931386,,-0.56457996,-0.3570854109439813,,,-0.7218657
17,1016,7Networks_LH_Vis_16,120.0,18.0,136.0,0.0,-14.0,-57.0,1.0,Vis,LH,6.0,-0.12159179896116257,0.1346319546831436,,,1.3582468,,0.27078044,,0.4823532,,-0.4786749,,-0.8281663,0.12176027420024103,,,-0.54634094
18,1017,7Networks_LH_Vis_17,120.0,18.0,137.0,0.0,-46.0,-73.0,6.0,Vis,LH,6.0,0.27209123969078064,0.1346319546831436,,,-0.47364783,,-1.4382948,,0.7109138,,-0.5052443,,-1.9771482,0.5972393991240779,,,-1.0286427
19,1018,7Networks_LH_Vis_18,120.0,18.0,138.0,0.0,-5.0,-88.0,2.0,Vis,LH,6.0,0.3592813014984131,0.1346319546831436,,,0.14972189,,-1.0409232,,0.28276834,,-0.7845085,,-1.7404516,-1.1069432566895967,,,-0.71439606
20,1019,7Networks_LH_Vis_19,120.0,18.0,139.0,0.0,-24.0,-96.0,6.0,Vis,LH,6.0,0.24299004673957825,0.1346319546831436,,,0.114748195,,-1.5898253,,0.15945253,,-0.9818938,,-2.0087519,0.6882107962930638,,,-0.7370021
21,1020,7Networks_LH_Vis_20,120.0,18.0,140.0,0.0,-13.0,-49.0,4.0,Vis,LH,6.0,-0.16695456206798553,0.1346319546831436,,,0.023256665,,1.9098665,,0.7596129,,0.45429474,,-0.019388173,-0.22663191166374477,,,0.105892435
22,1021,7Networks_LH_Vis_21,120.0,18.0,141.0,0.0,-7.0,-74.0,9.0,Vis,LH,6.0,0.3212836682796478,0.1346319546831436,,,0.5460587,,-0.94131416,,0.10578381,,-1.0768821,,-1.4103165,-0.9821517219512464,,,-0.7391872
23,1022,7Networks_LH_Vis_22,120.0,19.0,134.0,0.0,-19.0,-65.0,7.0,Vis,LH,6.0,0.2686897814273834,0.1346319546831436,,,1.144884,,-0.2024075,,1.0455998,,-0.78919303,,-0.91554135,-0.65276401772496,,,-0.5738029
24,1023,7Networks_LH_Vis_23,120.0,19.0,135.0,0.0,-39.0,-84.0,14.0,Vis,LH,6.0,0.11102263629436493,0.1346319546831436,,,-0.17292626,,-0.9848961,,1.0945532,,-0.4399971,,-1.2097181,0.8294063547026851,,,-0.85719
25,1024,7Networks_LH_Vis_24,120.0,19.0,136.0,0.0,-11.0,-97.0,17.0,Vis,LH,6.0,0.42624396085739136,0.1346319546831436,,,0.38521108,,-0.94892615,,0.50529253,,-0.7329886,,-1.260861,0.10714019992289017,,,-0.8111186
26,1025,7Networks_LH_Vis_25,120.0,19.0,137.0,0.0,-3.0,-84.0,24.0,Vis,LH,6.0,0.2857198715209961,0.1346319546831436,,,0.85501176,,-0.6201895,,0.82801914,,-0.9410375,,-0.10129936,-0.3575592882191677,,,-0.7721098
27,1026,7Networks_LH_Vis_26,120.0,19.0,138.0,0.0,-12.0,-71.0,20.0,Vis,LH,6.0,0.35147255659103394,0.1346319546831436,,,0.9806619,,0.29811037,,0.8796881,,-0.83829457,,-0.50341827,-0.8652579101723286,,,-0.3951135
28,1027,7Networks_LH_Vis_27,120.0,19.0,139.0,0.0,-25.0,-85.0,21.0,Vis,LH,6.0,0.11309153586626053,0.1346319546831436,,,0.29161403,,-0.69156545,,1.1265591,,-0.75424576,,-1.0958734,0.5857272461390371,,,-0.8763173
29,1028,7Networks_LH_Vis_28,120.0,19.0,140.0,0.0,-32.0,-84.0,27.0,Vis,LH,6.0,0.07001736760139465,0.1346319546831436,,,0.15888782,,-0.45000476,,1.595814,,-0.1100276,,-1.0118339,-1.3077785108717666,,,-0.6566738
30,1029,7Networks_LH_Vis_29,120.0,19.0,141.0,0.0,-16.0,-89.0,33.0,Vis,LH,6.0,0.3262178301811218,0.1346319546831436,,,0.77692753,,-0.042407535,,1.4361854,,-0.60206187,,-0.20545688,-0.06704368385320034,,,-0.8044622
31,1030,7Networks_LH_Vis_30,120.0,20.0,134.0,0.0,-12.0,-81.0,36.0,Vis,LH,6.0,0.2774123549461365,0.1346319546831436,,,0.914729,,0.35196474,,1.5837184,,-0.35803223,,0.13946979,-1.6566679892064753,,,-0.4438773
32,1031,7Networks_LH_Vis_31,120.0,20.0,135.0,0.0,-21.0,-79.0,45.0,Vis,LH,6.0,0.269722044467926,0.1346319546831436,,,0.84014696,,0.04461815,,1.9547399,,0.034786575,,0.0009957737,0.6528275296246309,,,-0.28113028
33,1032,7Networks_LH_SomMot_1,70.0,128.0,179.0,0.0,-50.0,-9.0,0.0,SomMot,LH,5.0,-0.012009180150926113,0.19480079292416475,,,0.07580666,,-0.84968513,,1.1392828,,0.13292123,,0.85639423,,-0.5019025,0.4271321435377349,
34,1033,7Networks_LH_SomMot_2,70.0,128.0,180.0,0.0,-56.0,-22.0,8.0,SomMot,LH,5.0,0.3459758758544922,0.19480079292416475,,,0.34880874,,-0.93565995,,1.1390901,,0.59462595,,1.1881881,,-0.5311976,-0.33720140140513205,
35,1034,7Networks_LH_SomMot_3,70.0,129.0,173.0,0.0,-36.0,-24.0,10.0,SomMot,LH,5.0,0.037249259650707245,0.19480079292416475,,-1.0,0.9022328,,-1.3129891,,0.6791154,,-0.18469597,,0.07320817,,0.91570127,-0.8898945051782521,
36,1035,7Networks_LH_SomMot_4,70.0,129.0,174.0,0.0,-38.0,-9.0,13.0,SomMot,LH,5.0,-0.043144430965185165,0.19480079292416475,,-1.0,-0.060078204,,-1.6359931,,-0.43213156,,0.6949351,,-0.5673227,,0.9436922,-0.7673269907122952,
37,1036,7Networks_LH_SomMot_5,70.0,129.0,175.0,0.0,-36.0,-26.0,19.0,SomMot,LH,5.0,0.3394049108028412,0.19480079292416475,,-1.0,0.93666536,,-2.1949444,,-0.75346726,,-2.298926,,-0.11223518,,0.27819556,-0.8307240838287557,
38,1037,7Networks_LH_SomMot_6,70.0,129.0,176.0,0.0,-59.0,-37.0,16.0,SomMot,LH,5.0,0.27617114782333374,0.19480079292416475,,-1.0,0.43961954,,-1.8767408,,0.35338968,,-0.121612,,1.0002909,,0.3892428,-0.8427723802500533,
39,1038,7Networks_LH_SomMot_7,70.0,129.0,177.0,0.0,-41.0,-35.0,14.0,SomMot,LH,5.0,0.45320555567741394,0.19480079292416475,,-1.0,0.7933394,,-1.0256215,,0.11300622,,-0.335154,,0.72891456,,-0.08677956,-0.8177609376662693,
40,1039,7Networks_LH_SomMot_8,70.0,129.0,178.0,0.0,-49.0,-13.0,14.0,SomMot,LH,5.0,0.15653668344020844,0.19480079292416475,,,2.349845,,-2.4399376,,-0.53903913,,-0.5771311,,0.004302546,,0.21742034,-0.11190513136710253,
41,1040,7Networks_LH_SomMot_9,70.0,129.0,179.0,0.0,-60.0,-2.0,11.0,SomMot,LH,5.0,0.031701985746622086,0.19480079292416475,,,0.43452966,,-0.823703,,-0.2891646,,1.0902077,,-0.7420267,,1.4107223,-0.43930258737161165,
42,1041,7Networks_LH_SomMot_10,70.0,129.0,180.0,0.0,-48.0,-24.0,18.0,SomMot,LH,5.0,0.13724595308303833,0.19480079292416475,,,1.0805899,,-1.9255686,,-0.23227668,,-0.0040477845,,0.24529777,,0.388373,-0.25369411923268886,
43,1042,7Networks_LH_SomMot_11,70.0,130.0,173.0,0.0,-61.0,-18.0,19.0,SomMot,LH,5.0,-0.0037035539280623198,0.19480079292416475,,-1.0,0.3436886,,-2.0340612,,0.102444254,,0.05919106,,-0.19325332,,0.1709155,-0.7919504128184381,
44,1043,7Networks_LH_SomMot_12,70.0,130.0,174.0,0.0,-59.0,-2.0,23.0,SomMot,LH,5.0,0.26806265115737915,0.19480079292416475,,-1.0,0.19688794,,-1.7234141,,-0.16032884,,1.1410785,,-1.0229393,,1.3002497,-0.7226512091623238,
45,1044,7Networks_LH_SomMot_13,70.0,130.0,175.0,0.0,-63.0,-10.0,31.0,SomMot,LH,5.0,-0.05196993425488472,0.19480079292416475,,-1.0,0.94879013,,-1.4305598,,-0.30277488,,0.53185755,,-0.51452416,,1.0222785,-0.7023789315850343,
46,1045,7Networks_LH_SomMot_14,70.0,130.0,176.0,0.0,-53.0,-9.0,30.0,SomMot,LH,5.0,0.17618177831172943,0.19480079292416475,,,0.88574255,,-2.2790222,,-0.22476532,,0.150042,,-1.0497807,,0.6069041,-0.1196554267123901,
47,1046,7Networks_LH_SomMot_15,70.0,130.0,177.0,0.0,-55.0,-20.0,41.0,SomMot,LH,5.0,-0.006652425043284893,0.19480079292416475,,-1.0,0.09366607,,-1.2425164,,0.57007563,,0.88900864,,-0.92129135,,1.0524551,-1.0551960948393138,
48,1047,7Networks_LH_SomMot_16,70.0,130.0,178.0,0.0,-51.0,-7.0,43.0,SomMot,LH,5.0,0.08696984499692917,0.19480079292416475,,,1.0777256,,-1.4830642,,-0.13108036,,1.0896814,,-1.3745184,,1.711652,-0.26308695560861284,
49,1048,7Networks_LH_SomMot_17,70.0,130.0,179.0,0.0,-48.0,-16.0,40.0,SomMot,LH,5.0,0.20340664684772491,0.19480079292416475,,,0.73763746,,-0.7642809,,-0.40453947,,0.45406803,,-0.74554753,,0.82693195,0.3846037306971689,
50,1049,7Networks_LH_SomMot_18,70.0,130.0,181.0,0.0,-8.0,-15.0,47.0,SomMot,LH,5.0,0.07219201326370239,0.19480079292416475,,1.0,-0.8766707,,2.4769166,,-0.41097847,,3.145032,,0.8025302,,-0.03140166,0.47889002401027186,
51,1050,7Networks_LH_SomMot_19,70.0,130.0,182.0,0.0,-41.0,-14.0,47.0,SomMot,LH,5.0,0.33522161841392517,0.19480079292416475,,,-0.046263363,,-1.0410848,,-0.051978104,,0.7519657,,-1.3260504,,1.5877123,-0.49257269782524477,
52,1051,7Networks_LH_SomMot_20,70.0,130.0,183.0,0.0,-49.0,-17.0,54.0,SomMot,LH,5.0,0.3923249840736389,0.19480079292416475,,1.0,2.0565443,,-0.8804158,,-0.121769704,,0.42865643,,-1.1501526,,1.9367557,1.3288200666422316,
53,1052,7Networks_LH_SomMot_21,70.0,130.0,184.0,0.0,-48.0,-29.0,58.0,SomMot,LH,5.0,0.24678924679756165,0.19480079292416475,,-1.0,1.1154603,,-1.1295766,,0.5879157,,0.44459474,,-1.3653102,,1.97217,-0.983490318795602,
54,1053,7Networks_LH_SomMot_22,70.0,130.0,185.0,0.0,-39.0,-25.0,53.0,SomMot,LH,5.0,0.5112276673316956,0.19480079292416475,,,0.6243337,,-0.21291283,,-0.054832887,,-0.42608956,,-1.7071351,,1.0733947,0.019987217478356144,
55,1054,7Networks_LH_SomMot_23,70.0,130.0,186.0,0.0,-9.0,-38.0,54.0,SomMot,LH,5.0,-0.11263612657785416,0.19480079292416475,,1.0,-0.36930496,,1.3720257,,0.15804595,,2.5651584,,1.6988493,,-0.1349182,0.9087444598542517,
56,1055,7Networks_LH_SomMot_24,70.0,130.0,187.0,0.0,-4.0,-25.0,56.0,SomMot,LH,5.0,0.2609231173992157,0.19480079292416475,,1.0,-0.46443647,,1.9775984,,-0.47395515,,2.6280928,,1.1742365,,-0.37091583,1.1350829546425323,
57,1056,7Networks_LH_SomMot_25,70.0,131.0,180.0,0.0,-4.0,-9.0,59.0,SomMot,LH,5.0,0.29642564058303833,0.19480079292416475,,,-0.50656295,,1.9534535,,-0.65212643,,2.6987305,,0.6992881,,0.010731778,0.3602807233575112,
58,1057,7Networks_LH_SomMot_26,70.0,131.0,181.0,0.0,-36.0,-19.0,65.0,SomMot,LH,5.0,0.33530381321907043,0.19480079292416475,,1.0,0.7552336,,0.38507992,,0.014282423,,1.2530854,,-0.5441279,,1.0317221,0.5025478917320894,
59,1058,7Networks_LH_SomMot_27,70.0,131.0,182.0,0.0,-30.0,-46.0,63.0,SomMot,LH,5.0,-0.061381321400403976,0.19480079292416475,,,0.65455633,,-0.30544958,,1.6971942,,0.7595434,,0.08677468,,1.018117,0.034894051115960875,
60,1059,7Networks_LH_SomMot_28,70.0,131.0,183.0,0.0,-32.0,-29.0,63.0,SomMot,LH,5.0,0.31387245655059814,0.19480079292416475,,1.0,0.39647385,,-0.18401214,,0.3047122,,0.04039611,,-0.75795066,,1.2750021,1.1402887775496227,
61,1060,7Networks_LH_SomMot_29,70.0,131.0,184.0,0.0,-30.0,-38.0,65.0,SomMot,LH,5.0,0.20930157601833344,0.19480079292416475,,,0.68764025,,0.013419428,,0.95693296,,0.5664139,,-0.40720323,,1.1648906,-0.2896486494247796,
62,1061,7Networks_LH_SomMot_30,70.0,131.0,185.0,0.0,-23.0,-11.0,65.0,SomMot,LH,5.0,0.2667185068130493,0.19480079292416475,,,-0.29055497,,0.996326,,-0.041377008,,1.795237,,0.07093657,,0.46997333,0.021809173540571145,
63,1062,7Networks_LH_SomMot_31,70.0,131.0,186.0,0.0,-19.0,-24.0,67.0,SomMot,LH,5.0,0.45164725184440613,0.19480079292416475,,,0.3649797,,0.63452035,,0.013045491,,1.5045211,,0.68372655,,0.1196982,-0.198527926726335,
64,1063,7Networks_LH_SomMot_32,70.0,131.0,187.0,0.0,-9.0,-42.0,70.0,SomMot,LH,5.0,-0.03840557485818863,0.19480079292416475,,1.0,0.23620307,,1.0079042,,0.5686833,,2.040032,,1.3387507,,-0.032228522,0.5795594189434048,
65,1064,7Networks_LH_SomMot_33,70.0,132.0,180.0,0.0,-4.0,-25.0,69.0,SomMot,LH,5.0,0.35613811016082764,0.19480079292416475,,1.0,0.37241456,,1.4796803,,-0.28372642,,2.3273664,,1.2620045,,-0.106879875,1.045738809113299,
66,1065,7Networks_LH_SomMot_34,70.0,132.0,181.0,0.0,-14.0,-11.0,73.0,SomMot,LH,5.0,0.24934342503547668,0.19480079292416475,,,0.1447053,,1.3932849,,-0.29810315,,2.2878573,,0.7600511,,0.07835759,0.15273820473911112,
67,1066,7Networks_LH_SomMot_35,70.0,132.0,182.0,0.0,-19.0,-31.0,69.0,SomMot,LH,5.0,0.32606974244117737,0.19480079292416475,,1.0,0.28376117,,0.7291832,,0.5108573,,1.4351722,,0.5729306,,0.5078852,1.1280076276191682,
68,1067,7Networks_LH_SomMot_36,70.0,132.0,183.0,0.0,-19.0,-40.0,72.0,SomMot,LH,5.0,0.1805851012468338,0.19480079292416475,,-1.0,0.28420475,,0.62942743,,0.8163447,,1.5575193,,0.86787534,,0.5651867,-0.7324773760722084,
69,1068,7Networks_LH_SomMot_37,70.0,132.0,184.0,0.0,-12.0,-27.0,73.0,SomMot,LH,5.0,0.4114515781402588,0.19480079292416475,,,-0.11514668,,1.0625706,,-0.16420937,,1.9493635,,1.1684165,,0.06800931,0.09338127866207184,
70,1069,7Networks_LH_DorsAttn_Post_1,0.0,118.0,7.0,0.0,-45.0,-42.0,-21.0,DorsAttn,LH,2.0,-0.1841374933719635,0.11041316195674565,,,0.50197756,,-1.2622701,,0.49553,,-0.35688755,-1.132464477216342,,,1.5432967,,-1.6726516
71,1070,7Networks_LH_DorsAttn_Post_2,0.0,118.0,8.0,0.0,-49.0,-56.0,-15.0,DorsAttn,LH,2.0,-0.05213393643498421,0.11041316195674565,,,-0.2181761,,-1.209172,,0.8597323,,-0.39037845,-1.0005833164665936,,,2.117432,,-1.5102088
72,1071,7Networks_LH_DorsAttn_Post_3,0.0,118.0,9.0,0.0,-55.0,-62.0,-1.0,DorsAttn,LH,2.0,-0.07178538292646408,0.11041316195674565,,,-1.0114344,,-2.0137825,,0.4260524,,-0.60003674,-0.5393169333783194,,,3.3559308,,-1.4578023
73,1072,7Networks_LH_DorsAttn_Post_4,0.0,118.0,10.0,0.0,-48.0,-65.0,15.0,DorsAttn,LH,2.0,0.23108966648578644,0.11041316195674565,,,-0.5210662,,-2.673497,,0.36240417,,-0.4775516,-0.4115054548433685,,,4.413043,,-1.2269822
74,1073,7Networks_LH_DorsAttn_Post_5,0.0,118.0,11.0,0.0,-26.0,-70.0,31.0,DorsAttn,LH,2.0,0.42390382289886475,0.11041316195674565,,,0.3908437,,-0.25079298,,1.6943513,,-0.25033343,-1.13153871183189,,,-0.34126619,,-0.50647163
75,1074,7Networks_LH_DorsAttn_Post_6,0.0,118.0,12.0,0.0,-55.0,-32.0,45.0,DorsAttn,LH,2.0,-0.17062196135520935,0.11041316195674565,,,0.15353955,,-1.0582122,,0.90399384,,0.7738448,0.5373279646985372,,,0.5431066,,-0.79768515
76,1075,7Networks_LH_DorsAttn_Post_7,0.0,118.0,13.0,0.0,-23.0,-65.0,46.0,DorsAttn,LH,2.0,0.37867218255996704,0.11041316195674565,,,0.59786326,,-0.33909294,,2.334375,,-0.14852723,-0.3290281189386136,,,-0.103667386,,-0.8606993
77,1076,7Networks_LH_DorsAttn_Post_8,0.0,118.0,15.0,0.0,-46.0,-29.0,44.0,DorsAttn,LH,2.0,0.3884788453578949,0.11041316195674565,,,0.066770196,,-1.4544038,,0.44511175,,-0.08553438,-0.7700432438154365,,,1.2987716,,-0.9277236
78,1077,7Networks_LH_DorsAttn_Post_9,0.0,118.0,16.0,0.0,-33.0,-46.0,41.0,DorsAttn,LH,2.0,0.26273199915885925,0.11041316195674565,,,0.98696375,,-0.6457832,,1.0175159,,-0.5816972,-1.0204774329697583,,,1.0944511,,-1.1834382
79,1078,7Networks_LH_DorsAttn_Post_10,0.0,118.0,17.0,0.0,-29.0,-58.0,50.0,DorsAttn,LH,2.0,0.21027281880378723,0.11041316195674565,,,0.6096601,,-0.46668,,2.2146604,,0.13207537,-0.26134222005137675,,,0.14667462,,-1.0179392
80,1079,7Networks_LH_DorsAttn_Post_11,0.0,118.0,18.0,0.0,-39.0,-37.0,49.0,DorsAttn,LH,2.0,0.2282896786928177,0.11041316195674565,,,0.61442316,,-1.046234,,1.1951841,,-0.1395185,-0.509881785199783,,,1.8617861,,-0.98893726
81,1080,7Networks_LH_DorsAttn_Post_12,0.0,118.0,19.0,0.0,-36.0,-52.0,56.0,DorsAttn,LH,2.0,-0.08914031833410263,0.11041316195674565,,,0.78458637,,-0.5004349,,1.9458587,,0.07443062,-0.2769917483393581,,,0.65272313,,-0.6004432
82,1081,7Networks_LH_DorsAttn_Post_13,0.0,118.0,20.0,0.0,-15.0,-71.0,57.0,DorsAttn,LH,2.0,0.15078242123126984,0.11041316195674565,,,0.7177244,,0.9088109,,2.416626,,1.3367829,0.38479710375531023,,,0.0360562,,0.50536096
83,1082,7Networks_LH_DorsAttn_Post_14,0.0,118.0,21.0,0.0,-29.0,-61.0,62.0,DorsAttn,LH,2.0,0.11729896068572998,0.11041316195674565,,,0.88027245,,0.23746614,,2.2227836,,0.9855197,-0.2231803247280669,,,-0.13424152,,0.26575297
84,1083,7Networks_LH_DorsAttn_Post_15,0.0,119.0,14.0,0.0,-7.0,-59.0,63.0,DorsAttn,LH,2.0,-0.2491898536682129,0.11041316195674565,,,0.5519017,,1.2844057,,1.7542427,,2.1465278,0.764604411315537,,,-0.11541918,,1.3373452
85,1084,7Networks_LH_DorsAttn_Post_16,0.0,119.0,15.0,0.0,-20.0,-57.0,66.0,DorsAttn,LH,2.0,-0.04511825367808342,0.11041316195674565,,,0.77396774,,0.48758405,,1.8243284,,1.4347774,0.8083558788414713,,,-0.19473886,,0.9252637
86,1085,7Networks_LH_DorsAttn_Post_17,0.0,119.0,16.0,0.0,-13.0,-50.0,72.0,DorsAttn,LH,2.0,-0.03155862167477608,0.11041316195674565,,,0.33969277,,0.7245292,,1.0917025,,2.0822449,0.16409468358957557,,,0.42113498,,1.7767614
87,1086,7Networks_LH_DorsAttn_FEF_1,0.0,118.0,22.0,0.0,-40.0,-3.0,51.0,DorsAttn,LH,2.0,0.2149718552827835,0.11041316195674565,,,-0.42483893,,-0.3741192,,-0.07832423,,1.3311931,0.4873887894021322,,,1.221164,,1.3753654
88,1087,7Networks_LH_DorsAttn_FEF_2,0.0,119.0,17.0,0.0,-25.0,-1.0,55.0,DorsAttn,LH,2.0,0.281547486782074,0.11041316195674565,,,-0.3047622,,0.8464363,,0.0086079575,,1.6165711,-0.2534762524534682,,,1.4457458,,0.755242
89,1088,7Networks_LH_DorsAttn_FEF_3,0.0,119.0,18.0,0.0,-30.0,-8.0,52.0,DorsAttn,LH,2.0,0.3350619673728943,0.11041316195674565,,,-0.4917491,,0.78370476,,0.04221322,,1.7049849,0.2320783535541212,,,0.85363567,,1.1489261
90,1089,7Networks_LH_DorsAttn_FEF_4,0.0,119.0,19.0,0.0,-21.0,5.0,65.0,DorsAttn,LH,2.0,0.21587377786636353,0.11041316195674565,,,-0.31757995,,1.4475013,,-0.40782216,,1.5393482,-0.3446656922584027,,,0.29496184,,1.2030236
91,1090,7Networks_LH_DorsAttn_PrCv_1,0.0,119.0,20.0,0.0,-49.0,6.0,26.0,DorsAttn,LH,2.0,0.15063199400901794,0.11041316195674565,,,0.051849682,,-0.6264504,,-0.64511645,,1.3776307,0.13429347375157327,,,1.6314871,,-0.356133
92,1091,7Networks_LH_DorsAttn_PrCv_2,0.0,119.0,21.0,0.0,-50.0,3.0,38.0,DorsAttn,LH,2.0,0.04345226287841797,0.11041316195674565,,,0.598386,,-1.1464528,,-0.60440284,,1.2223865,0.5898509336223131,,,1.1522288,,-0.10408729
93,1092,7Networks_LH_SalVentAttn_ParOper_1,196.0,58.0,251.0,0.0,-55.0,-32.0,22.0,SalVentAttn,LH,4.0,0.03683041036128998,-0.04219346203435054,,,0.5679464,,-1.6584033,,0.46264,0.2057801011316954,,,0.5462319,,0.3905326,,-1.4377663
94,1093,7Networks_LH_SalVentAttn_ParOper_2,196.0,58.0,252.0,0.0,-58.0,-44.0,27.0,SalVentAttn,LH,4.0,0.07974980771541595,-0.04219346203435054,,,-0.19188213,,-2.1140852,,0.49062237,0.2879743945914038,,,0.7921001,,0.7248064,,-2.2023342
95,1094,7Networks_LH_SalVentAttn_ParOper_3,196.0,58.0,253.0,0.0,-61.0,-23.0,33.0,SalVentAttn,LH,4.0,-0.2625584304332733,-0.04219346203435054,,,0.58660084,,-1.3425049,,0.5446413,-0.2334058339652821,,,0.0024354928,,0.53443986,,-0.84719133
96,1095,7Networks_LH_SalVentAttn_ParOper_4,196.0,58.0,254.0,0.0,-61.0,-36.0,33.0,SalVentAttn,LH,4.0,-0.2742062211036682,-0.04219346203435054,,,0.16682522,,-1.5724876,,0.68211544,-0.5193428424375099,,,0.5186784,,0.58587164,,-1.2794783
97,1096,7Networks_LH_SalVentAttn_TempOcc_1,196.0,58.0,255.0,0.0,-57.0,-54.0,10.0,SalVentAttn,LH,4.0,0.04797575622797012,-0.04219346203435054,,,-0.18829504,,-3.001139,,-0.0237316,-0.5505544426262096,,,-1.1390412,,3.1290812,,-2.0664434
98,1097,7Networks_LH_SalVentAttn_FrOperIns_1,196.0,59.0,247.0,0.0,-44.0,5.0,-17.0,SalVentAttn,LH,4.0,-0.4031611382961273,-0.04219346203435054,,,-1.2221293,,-1.5695539,,0.20466614,0.5723511808496079,,,0.035052735,,-0.17199086,,-1.7520858
99,1098,7Networks_LH_SalVentAttn_FrOperIns_2,196.0,59.0,248.0,0.0,-39.0,2.0,-4.0,SalVentAttn,LH,4.0,-0.22801704704761505,-0.04219346203435054,,,-1.9741083,,0.029722534,,-0.62485695,-0.7899350844617774,,,-0.17785035,,-0.24822983,,0.0519451
100,1099,7Networks_LH_SalVentAttn_FrOperIns_3,196.0,59.0,249.0,0.0,-33.0,25.0,-1.0,SalVentAttn,LH,4.0,0.1251891404390335,-0.04219346203435054,,,-0.50201744,,-0.9469923,,-1.3012027,-0.5732887772797239,,,-1.1413885,,1.3479916,,-1.0561309
101,1100,7Networks_LH_SalVentAttn_FrOperIns_4,196.0,59.0,251.0,0.0,-40.0,-15.0,-2.0,SalVentAttn,LH,4.0,-0.3247297406196594,-0.04219346203435054,,,-0.5838725,,-0.3189652,,1.2575321,-0.6494431993383913,,,0.5557319,,-0.773724,,-0.44095147
102,1101,7Networks_LH_SalVentAttn_FrOperIns_5,196.0,59.0,252.0,0.0,-33.0,19.0,8.0,SalVentAttn,LH,4.0,0.05162625387310982,-0.04219346203435054,,,-0.9454768,,-1.1513652,,-1.044847,-0.18772277842627352,,,-0.92088586,,0.86115,,-0.9228269
103,1102,7Networks_LH_SalVentAttn_FrOperIns_6,196.0,59.0,253.0,0.0,-36.0,4.0,11.0,SalVentAttn,LH,4.0,-0.007432239595800638,-0.04219346203435054,,,-0.63055897,,-0.35479873,,-0.7004563,-0.2303641772480506,,,-0.7450042,,0.5392031,,-1.2408508
104,1103,7Networks_LH_SalVentAttn_FrOperIns_7,196.0,59.0,254.0,0.0,-43.0,12.0,2.0,SalVentAttn,LH,4.0,0.001536352327093482,-0.04219346203435054,,,-0.14969075,,-0.1148902,,-1.1109549,0.8533433720194309,,,-0.95529073,,1.330703,,-0.71961874
105,1104,7Networks_LH_SalVentAttn_FrOperIns_8,196.0,59.0,255.0,0.0,-50.0,1.0,5.0,SalVentAttn,LH,4.0,0.037140484899282455,-0.04219346203435054,,,0.24444483,,-0.5560504,,-0.4610605,0.7889482031016252,,,-0.9044088,,1.1881149,,-0.85005474
106,1105,7Networks_LH_SalVentAttn_FrOperIns_9,193.0,52.0,250.0,0.0,-52.0,9.0,13.0,SalVentAttn,LH,4.0,0.010251273401081562,-0.04219346203435054,,,-0.62009,,-0.8285554,,-0.78749555,-0.4165845525537428,,,-1.0885929,,1.0792469,,-0.56588995
107,1106,7Networks_LH_SalVentAttn_PFCl_1,193.0,52.0,249.0,0.0,-29.0,43.0,30.0,SalVentAttn,LH,4.0,-0.19648970663547516,-0.04219346203435054,,,-0.72370917,,-0.3392696,,-1.445029,0.10573246329825185,,,-0.54942334,,0.49336648,,0.4068754
108,1107,7Networks_LH_SalVentAttn_Med_1,197.0,58.0,248.0,0.0,-6.0,22.0,31.0,SalVentAttn,LH,4.0,-0.03814470395445824,-0.04219346203435054,,,-2.0580053,,2.2606502,,-1.1072704,-0.38630663389729514,,,-0.19974537,,-0.086531065,,0.7821002
109,1108,7Networks_LH_SalVentAttn_Med_2,197.0,58.0,249.0,0.0,-7.0,0.0,41.0,SalVentAttn,LH,4.0,-0.17559735476970673,-0.04219346203435054,,,-1.2283311,,2.8994036,,-0.64268845,0.12949066923558214,,,0.3924979,,0.012962372,,2.0250747
110,1109,7Networks_LH_SalVentAttn_Med_3,197.0,58.0,251.0,0.0,-11.0,-27.0,41.0,SalVentAttn,LH,4.0,0.0010879372712224722,-0.04219346203435054,,,-1.3674806,,2.867064,,-0.2629489,0.1731845600587708,,,1.1102453,,0.18309538,,2.918052
111,1110,7Networks_LH_SalVentAttn_Med_4,197.0,58.0,252.0,0.0,-5.0,9.0,48.0,SalVentAttn,LH,4.0,0.08594565838575363,-0.04219346203435054,,,-0.9529311,,2.6064672,,-1.1644816,1.0870459774311534,,,0.3260247,,0.06758124,,1.3903737
112,1111,7Networks_LH_SalVentAttn_Med_5,197.0,58.0,253.0,0.0,-13.0,-41.0,47.0,SalVentAttn,LH,4.0,-0.07349365204572678,-0.04219346203435054,,,-0.6084657,,2.2336943,,0.38608962,0.6660726845921928,,,1.8231397,,-0.17647938,,1.8644292
113,1112,7Networks_LH_SalVentAttn_Med_6,197.0,58.0,254.0,0.0,-6.0,-49.0,57.0,SalVentAttn,LH,4.0,-0.1656918078660965,-0.04219346203435054,,,0.05442089,,1.5491774,,1.1436597,1.9772702852174195,,,1.5265112,,0.01604976,,1.5083151
114,1113,7Networks_LH_SalVentAttn_Med_7,197.0,58.0,255.0,0.0,-8.0,-3.0,71.0,SalVentAttn,LH,4.0,0.23002676665782928,-0.04219346203435054,,,-0.3426087,,1.4230508,,-0.36799008,1.2413844292521232,,,0.4358303,,0.5415625,,1.7955086
115,1114,7Networks_LH_Limbic_OFC_1,220.0,248.0,163.0,0.0,-12.0,25.0,-21.0,Limbic,LH,3.0,-0.36316847801208496,-0.31453387453578985,0.016808326278483256,,,,-0.8556424,,-1.8299941,,-0.59426594,,-0.82377243,,0.63492507,,-0.39703107
116,1115,7Networks_LH_Limbic_OFC_2,220.0,248.0,165.0,0.0,-24.0,23.0,-20.0,Limbic,LH,3.0,-0.0338740237057209,-0.31453387453578985,-0.3463725667276224,,,,-0.4304895,,-1.8023683,,-0.27268174,,-0.4354231,,0.6911634,,-0.62202203
117,1116,7Networks_LH_Limbic_OFC_3,220.0,248.0,166.0,0.0,-10.0,47.0,-21.0,Limbic,LH,3.0,-0.307743102312088,-0.31453387453578985,-0.034826000695219884,,,,-0.56637496,,-2.102795,,-0.5950634,,-0.47249672,,0.54306746,,-0.521425
118,1117,7Networks_LH_Limbic_OFC_4,220.0,248.0,167.0,0.0,-4.0,23.0,-19.0,Limbic,LH,3.0,-0.40000927448272705,-0.31453387453578985,-0.15268254977006712,,,,-0.4180704,,-1.6834899,,0.007706641,,-0.56968373,,0.62947124,,-0.016782189
119,1118,7Networks_LH_Limbic_OFC_5,220.0,248.0,168.0,0.0,-15.0,65.0,-8.0,Limbic,LH,3.0,-0.16315583884716034,-0.31453387453578985,-0.14796581670044723,,,,-0.16559546,,-2.2963762,,-0.0839625,,-0.29641008,,1.0499421,,-0.2915402
120,1119,7Networks_LH_Limbic_TempPole_1,220.0,248.0,164.0,0.0,-37.0,-5.0,-42.0,Limbic,LH,3.0,-0.36441418528556824,-0.31453387453578985,0.019494840632567647,,,,-1.5820885,,0.17760383,,-0.4634458,,-0.20205475,,0.43938217,,-1.2179195
121,1120,7Networks_LH_Limbic_TempPole_2,220.0,248.0,169.0,0.0,-25.0,6.0,-39.0,Limbic,LH,3.0,-0.35739800333976746,-0.31453387453578985,0.1303594864991109,,,,-0.27208638,,-0.327001,,-0.9872391,,-0.6553549,,0.5109283,,-0.6336349
122,1121,7Networks_LH_Limbic_TempPole_3,220.0,248.0,170.0,0.0,-26.0,-9.0,-33.0,Limbic,LH,3.0,-0.34582072496414185,-0.31453387453578985,0.009430573614228213,,,,-0.41589764,,-0.31024498,,-1.2262899,,-1.3844458,,0.53547835,,-0.5803825
123,1122,7Networks_LH_Limbic_TempPole_4,220.0,248.0,171.0,0.0,-54.0,-21.0,-31.0,Limbic,LH,3.0,-0.10103917121887207,-0.31453387453578985,0.2517731190211747,,,,-1.7757723,,0.43677354,,-0.19596241,,-0.13497612,,0.35162008,,-1.5902053
124,1123,7Networks_LH_Limbic_TempPole_5,220.0,248.0,172.0,0.0,-40.0,-21.0,-27.0,Limbic,LH,3.0,-0.36125534772872925,-0.31453387453578985,-0.8726166313651255,,,,-1.3031529,,0.13382345,,-0.7663252,,-1.3928316,,1.3935242,,-1.410959
125,1124,7Networks_LH_Limbic_TempPole_6,220.0,249.0,165.0,0.0,-44.0,13.0,-34.0,Limbic,LH,3.0,-0.3273109197616577,-0.31453387453578985,0.7274369365057748,,,,-1.5881625,,-0.18429565,,-0.040296096,,0.09350888,,0.1826953,,-0.8905734
126,1125,7Networks_LH_Limbic_TempPole_7,220.0,249.0,166.0,0.0,-32.0,12.0,-29.0,Limbic,LH,3.0,-0.4266209900379181,-0.31453387453578985,-0.17893154558364555,,,,-0.71207225,,-0.6576958,,-1.0378993,,-0.37866813,,0.8546572,,-1.0625254
127,1126,7Networks_LH_Limbic_TempPole_8,220.0,249.0,167.0,0.0,-21.0,-21.0,-26.0,Limbic,LH,3.0,-0.2433929592370987,-0.31453387453578985,0.5276975005157312,,,,0.9595549,,0.6980951,,0.5090778,,-0.20168462,,-0.67635566,,0.30441463
128,1127,7Networks_LH_Cont_Par_1,230.0,148.0,33.0,0.0,-29.0,-74.0,42.0,Cont,LH,0.0,0.13694985210895538,0.011534729439657755,,,0.2622964,,-0.48425484,1.9950465267511117,,,0.0884361,,-0.38209593,,0.14862981,,-0.73013544
129,1128,7Networks_LH_Cont_Par_2,230.0,148.0,35.0,0.0,-58.0,-42.0,45.0,Cont,LH,0.0,-0.22936269640922546,0.011534729439657755,,,0.24719179,,-1.319615,-0.33604493936747554,,,0.496362,,0.4002156,,0.1143154,,-1.5050025
130,1129,7Networks_LH_Cont_Par_3,230.0,148.0,36.0,0.0,-53.0,-50.0,45.0,Cont,LH,0.0,0.0368688590824604,0.011534729439657755,,,0.40764406,,-1.5095854,-0.2922323327695509,,,0.34013078,,0.15952967,,0.3806318,,-1.2400244
131,1130,7Networks_LH_Cont_Par_4,230.0,148.0,37.0,0.0,-35.0,-62.0,48.0,Cont,LH,0.0,0.016208898276090622,0.011534729439657755,,,0.41905126,,-0.66207254,0.5501040589050586,,,0.4470951,,0.21964286,,0.38498875,,-0.90551686
132,1131,7Networks_LH_Cont_Par_5,230.0,148.0,38.0,0.0,-42.0,-52.0,49.0,Cont,LH,0.0,0.17080499231815338,0.011534729439657755,,,0.6546492,,-1.0533453,1.3083000483616378,,,-0.42821288,,0.0060326317,,1.1193018,,-1.0403562
133,1132,7Networks_LH_Cont_Par_6,230.0,148.0,39.0,0.0,-45.0,-41.0,47.0,Cont,LH,0.0,0.1094701811671257,0.011534729439657755,,,0.46903336,,-0.7369318,1.5013838207976031,,,0.42810646,,0.09864361,,0.9667668,,-0.69809145
134,1133,7Networks_LH_Cont_Temp_1,230.0,148.0,40.0,0.0,-60.0,-49.0,-10.0,Cont,LH,0.0,-0.14079423248767853,0.011534729439657755,,,-0.18871997,,-2.3598406,-0.7872305359145706,,,-0.08849733,,-1.0096536,,1.24705,,-1.920501
135,1134,7Networks_LH_Cont_OFC_1,230.0,149.0,32.0,0.0,-27.0,49.0,-14.0,Cont,LH,0.0,-0.20842458307743073,0.011534729439657755,,,-3.078766,,-1.118965,-0.25293005115556394,,,-0.41881832,,-0.387548,,0.55658925,,-0.5911285
136,1135,7Networks_LH_Cont_PFCl_1,230.0,149.0,33.0,0.0,-42.0,49.0,-6.0,Cont,LH,0.0,0.012742920778691769,0.011534729439657755,,,-2.3871264,,-1.0268636,-0.5786484881466762,,,-0.03388406,,-0.5249344,,0.29060012,,-0.21527469
137,1136,7Networks_LH_Cont_PFCl_2,230.0,149.0,34.0,0.0,-48.0,35.0,10.0,Cont,LH,0.0,-0.11196345835924149,0.011534729439657755,,,-0.97328746,,-1.0833566,-0.30223253409003076,,,-0.2547577,,-0.9326875,,1.4202231,,-0.3013439
138,1137,7Networks_LH_Cont_PFCl_3,230.0,149.0,36.0,0.0,-38.0,49.0,11.0,Cont,LH,0.0,0.11473522335290909,0.011534729439657755,,,-1.4104674,,-1.1605994,-0.45502351226937626,,,-0.22735207,,-0.8667725,,1.0288296,,-0.28746256
139,1138,7Networks_LH_Cont_PFCl_4,230.0,149.0,37.0,0.0,-28.0,57.0,13.0,Cont,LH,0.0,-0.08986429870128632,0.011534729439657755,,,-1.2393485,,-0.04516496,-0.06517250211608128,,,0.2862418,,-0.34658918,,0.61242706,,0.48022375
140,1139,7Networks_LH_Cont_PFCl_5,230.0,149.0,38.0,0.0,-42.0,38.0,22.0,Cont,LH,0.0,-0.09072209149599075,0.011534729439657755,,,-0.9502837,,-1.1961097,-0.3781274609640284,,,-0.3966383,,-1.0385736,,1.2897487,,-0.13609028
141,1140,7Networks_LH_Cont_PFCl_6,230.0,149.0,39.0,0.0,-45.0,20.0,27.0,Cont,LH,0.0,0.06723012030124664,0.011534729439657755,,,-0.7484819,,-0.849607,-0.021148554681697667,,,0.109260716,,-1.1585135,,2.3683167,,0.026344936
142,1141,7Networks_LH_Cont_PFCl_7,230.0,149.0,40.0,0.0,-39.0,7.0,34.0,Cont,LH,0.0,0.11155667155981064,0.011534729439657755,,,0.0871199,,-1.1506282,-0.5572637450347229,,,0.42519206,,-1.4740833,,1.4087723,,-0.88050634
143,1142,7Networks_LH_Cont_PFCl_8,230.0,149.0,41.0,0.0,-36.0,32.0,38.0,Cont,LH,0.0,-0.12014047056436539,0.011534729439657755,,,-0.9019177,,-0.20738368,-0.15547689455852715,,,0.090997934,,-0.95252526,,0.89060485,,0.3097312
144,1143,7Networks_LH_Cont_PFCv_1,231.0,148.0,36.0,0.0,-34.0,16.0,-8.0,Cont,LH,0.0,-0.09430821239948273,0.011534729439657755,,,-2.1830962,,-0.30994138,-0.8540135090198272,,,0.13591892,,-0.44922206,,1.5084337,,-0.47475916
145,1144,7Networks_LH_Cont_pCun_1,231.0,149.0,35.0,0.0,-9.0,-77.0,45.0,Cont,LH,0.0,0.11036863178014755,0.011534729439657755,,,0.76740104,,1.2827355,1.129420279368756,,,1.0534911,,0.9864828,,-1.2292949,,0.5260136
146,1145,7Networks_LH_Cont_pCun_2,231.0,149.0,36.0,0.0,-5.0,-64.0,52.0,Cont,LH,0.0,0.051880136132240295,0.011534729439657755,,,0.35967895,,1.6893704,1.4902598086278558,,,1.7371957,,1.7442213,,-0.1981654,,0.7381298
147,1146,7Networks_LH_Cont_Cing_1,231.0,149.0,37.0,0.0,-3.0,5.0,29.0,Cont,LH,0.0,0.050285693258047104,0.011534729439657755,,,-2.2577066,,2.8537793,-0.8807716212423589,,,2.1748052,,0.5485484,,-0.024150237,,1.4439851
148,1147,7Networks_LH_Cont_Cing_2,231.0,149.0,38.0,0.0,-4.0,-22.0,29.0,Cont,LH,0.0,0.16092941164970398,0.011534729439657755,,,-0.3726246,,1.7433008,-0.31990605526676075,,,2.097718,,1.5236793,,-0.28769362,,1.6906388
149,1148,7Networks_LH_Cont_PFCmp_1,230.0,148.0,34.0,0.0,-4.0,28.0,47.0,Cont,LH,0.0,0.048341721296310425,0.011534729439657755,,,-1.5429391,,1.677015,1.2734150823654395,,,0.99624574,,0.03784294,,0.071377486,,0.9630294
150,1149,7Networks_LH_Default_Temp_1,205.0,62.0,72.0,0.0,-54.0,-2.0,-30.0,Default,LH,1.0,-0.12766185402870178,-0.04205667899389352,,,-0.3846224,-0.5743840782877709,,,0.09289634,,-0.6175971,,0.18727869,,-0.10172684,,-1.394895
151,1150,7Networks_LH_Default_Temp_2,205.0,62.0,73.0,0.0,-62.0,-18.0,-21.0,Default,LH,1.0,-0.29093512892723083,-0.04205667899389352,,,-0.29339746,-0.39187229460036427,,,0.32180312,,-0.22797817,,0.35488483,,-0.14522502,,-1.7235439
152,1151,7Networks_LH_Default_Temp_3,205.0,62.0,74.0,0.0,-60.0,-36.0,-18.0,Default,LH,1.0,-0.10576146095991135,-0.04205667899389352,,,-0.25293297,-0.912331514669523,,,0.42817006,,-0.019807272,,-0.32596847,,0.2061765,,-1.8824576
153,1152,7Networks_LH_Default_Temp_4,205.0,62.0,75.0,0.0,-57.0,-9.0,-14.0,Default,LH,1.0,-0.15970942378044128,-0.04205667899389352,,,-0.3764741,-0.6882408808536462,,,0.41577256,,-0.25688103,,0.5935347,,-0.33539245,,-1.4618165
154,1153,7Networks_LH_Default_Temp_5,205.0,62.0,76.0,0.0,-53.0,6.0,-11.0,Default,LH,1.0,-0.24225439131259918,-0.04205667899389352,,,-0.37541124,-0.3791071337508226,,,0.904711,,0.17907897,,0.73324215,,-0.3536308,,-1.752146
155,1154,7Networks_LH_Default_Temp_6,205.0,62.0,77.0,0.0,-61.0,-35.0,-3.0,Default,LH,1.0,-0.08504654467105865,-0.04205667899389352,,,-0.34454945,-0.6657726584485746,,,0.24781835,,-0.2512127,,0.13298914,,0.16808952,,-2.0753222
156,1155,7Networks_LH_Default_Temp_7,205.0,62.0,78.0,0.0,-52.0,-22.0,-6.0,Default,LH,1.0,0.1739547997713089,-0.04205667899389352,,,0.009388576,-0.9850541323953126,,,0.443365,,-0.510579,,0.62306094,,0.094287634,,-2.2060876
157,1156,7Networks_LH_Default_Temp_8,205.0,62.0,80.0,0.0,-61.0,-13.0,-3.0,Default,LH,1.0,0.06623238325119019,-0.04205667899389352,,,0.056956597,-0.06470144180165902,,,0.9848148,,0.12466339,,0.88059026,,-0.36838475,,-2.1182942
158,1157,7Networks_LH_Default_Temp_9,205.0,62.0,81.0,0.0,-62.0,-32.0,5.0,Default,LH,1.0,0.216086745262146,-0.04205667899389352,,,-0.4084165,0.19630478491793463,,,0.5624787,,-0.078916796,,0.8386911,,-0.24246289,,-2.0388362
159,1158,7Networks_LH_Default_Temp_10,205.0,62.0,82.0,0.0,-52.0,-43.0,5.0,Default,LH,1.0,0.027565868571400642,-0.04205667899389352,,,0.44258088,-0.9252727910504873,,,-0.18994442,,-1.38758,,-0.41997287,,1.3955727,,-2.7479653
160,1159,7Networks_LH_Default_Par_1,205.0,62.0,83.0,0.0,-59.0,-49.0,16.0,Default,LH,1.0,0.04890799522399902,-0.04205667899389352,,,0.085504025,0.32859286502304286,,,0.11329814,,-0.8908398,,0.3223808,,1.3751166,,-2.570582
161,1160,7Networks_LH_Default_Par_2,205.0,62.0,84.0,0.0,-45.0,-58.0,21.0,Default,LH,1.0,0.06168261915445328,-0.04205667899389352,,,0.011269302,-0.6140006240275545,,,0.1861041,,-1.3061892,,-1.8641491,,2.999427,,-1.6664954
162,1161,7Networks_LH_Default_Par_3,205.0,62.0,85.0,0.0,-40.0,-79.0,30.0,Default,LH,1.0,-0.017013581469655037,-0.04205667899389352,,,-0.15639335,-0.3292887940269011,,,1.688261,,-0.13137187,,-1.0519155,,1.0267663,,-0.68788415
163,1162,7Networks_LH_Default_Par_4,205.0,62.0,86.0,0.0,-47.0,-64.0,31.0,Default,LH,1.0,0.12375690788030624,-0.04205667899389352,,,0.37791857,-0.5137626088343555,,,0.7101711,,-0.8273152,,-1.1445148,,2.5685275,,-1.5157698
164,1163,7Networks_LH_Default_Par_5,205.0,63.0,79.0,0.0,-57.0,-55.0,30.0,Default,LH,1.0,-0.18704795837402344,-0.04205667899389352,,,-0.059762895,-0.21877032371073535,,,0.51556337,,-0.7862192,,-0.012978521,,1.5422292,,-2.0372772
165,1164,7Networks_LH_Default_Par_6,205.0,63.0,80.0,0.0,-41.0,-72.0,43.0,Default,LH,1.0,0.061189521104097366,-0.04205667899389352,,,0.39561772,-0.07871939105921784,,,1.9931939,,0.19355062,,-0.46376893,,0.51837695,,-0.7723284
166,1165,7Networks_LH_Default_Par_7,205.0,63.0,81.0,0.0,-49.0,-60.0,47.0,Default,LH,1.0,-0.053018778562545776,-0.04205667899389352,,,0.12448314,0.31110631990844967,,,1.3460644,,0.1688867,,-0.39193696,,1.3999444,,-1.1346679
167,1166,7Networks_LH_Default_PFC_1,205.0,63.0,71.0,0.0,-36.0,22.0,-16.0,Default,LH,1.0,0.02191062457859516,-0.04205667899389352,,,-2.5845203,-0.20954346657886505,,,-1.7512338,,0.07079994,,-0.466793,,1.3509626,,-0.35253555
168,1167,7Networks_LH_Default_PFC_2,205.0,63.0,72.0,0.0,-36.0,37.0,-13.0,Default,LH,1.0,0.018914977088570595,-0.04205667899389352,,,-1.3382189,0.705363520168535,,,-2.0374248,,-0.5644204,,-0.7373897,,2.0300608,,-0.77162665
169,1168,7Networks_LH_Default_PFC_3,205.0,63.0,73.0,0.0,-5.0,55.0,-10.0,Default,LH,1.0,-0.2528012692928314,-0.04205667899389352,,,-3.701394,1.1886740017112158,,,-1.9621764,,-0.1362856,,-0.8746347,,0.4529731,,-0.21519586
170,1169,7Networks_LH_Default_PFC_4,205.0,63.0,74.0,0.0,-6.0,35.0,-9.0,Default,LH,1.0,-0.31794124841690063,-0.04205667899389352,,,-2.774422,-0.32120318390908664,,,-1.7916529,,0.08801356,,-0.79511267,,0.49744782,,0.26835725
171,1170,7Networks_LH_Default_PFC_5,205.0,63.0,75.0,0.0,-46.0,32.0,-10.0,Default,LH,1.0,0.060871075838804245,-0.04205667899389352,,,-2.8892536,-0.3738766702142174,,,-1.763557,,0.07324709,,-0.6384002,,0.91283435,,-0.5625885
172,1171,7Networks_LH_Default_PFC_6,205.0,63.0,76.0,0.0,-28.0,58.0,-1.0,Default,LH,1.0,-0.10599370300769806,-0.04205667899389352,,,-2.225455,0.14695607795072,,,-2.0852013,,0.0052493764,,-0.3817108,,0.42839393,,-0.13764031
173,1172,7Networks_LH_Default_PFC_7,205.0,63.0,77.0,0.0,-48.0,28.0,0.0,Default,LH,1.0,-0.0019940852653235197,-0.04205667899389352,,,-0.6136028,0.8015301965525418,,,-1.7925897,,-0.09582868,,-0.79830116,,1.0477066,,-0.41387507
174,1173,7Networks_LH_Default_PFC_8,205.0,63.0,82.0,0.0,-6.0,59.0,7.0,Default,LH,1.0,-0.22995153069496155,-0.04205667899389352,,,-2.9491992,1.0978849620477857,,,-2.2408972,,0.42931765,,-0.43510646,,1.1912957,,0.23543365
175,1174,7Networks_LH_Default_PFC_9,205.0,63.0,83.0,0.0,-6.0,45.0,6.0,Default,LH,1.0,-0.11267617344856262,-0.04205667899389352,,,-3.0495546,-0.15622224031537083,,,-2.1616387,,0.6640911,,-0.24691777,,0.43878487,,0.22626305
176,1175,7Networks_LH_Default_PFC_10,205.0,63.0,84.0,0.0,-53.0,19.0,11.0,Default,LH,1.0,0.0679975152015686,-0.04205667899389352,,,-0.991289,-0.1753125087222492,,,-1.4054301,,0.08503185,,-0.9594269,,1.1605737,,-0.44322768
177,1176,7Networks_LH_Default_PFC_11,205.0,63.0,85.0,0.0,-16.0,67.0,8.0,Default,LH,1.0,-0.17902640998363495,-0.04205667899389352,,,-2.5071564,-0.022421490894050364,,,-2.0897095,,0.17293301,,-0.32474488,,0.7139233,,0.0314463
178,1177,7Networks_LH_Default_PFC_12,205.0,64.0,78.0,0.0,-5.0,34.0,21.0,Default,LH,1.0,-0.13732393085956573,-0.04205667899389352,,,-2.7305217,-0.4139682546145816,,,-1.7980185,,0.56805694,,-0.0055454494,,0.032508653,,0.48300508
179,1178,7Networks_LH_Default_PFC_13,205.0,64.0,79.0,0.0,-4.0,51.0,28.0,Default,LH,1.0,-0.16416598856449127,-0.04205667899389352,,,-2.0847166,1.09277253955044,,,-1.9819409,,0.35517398,,-0.08304213,,0.21970433,,0.57405716
180,1179,7Networks_LH_Default_PFC_14,205.0,64.0,80.0,0.0,-14.0,58.0,31.0,Default,LH,1.0,-0.27490317821502686,-0.04205667899389352,,,-1.6506726,-0.37525960950516635,,,-1.8909423,,0.34232542,,-0.21656397,,0.32414195,,0.57727444
181,1180,7Networks_LH_Default_PFC_15,205.0,64.0,81.0,0.0,-22.0,51.0,31.0,Default,LH,1.0,-0.2935953438282013,-0.04205667899389352,,,-0.94889474,-0.8320946044734324,,,-1.580691,,0.23423478,,-0.39416394,,0.44976255,,0.14737102
182,1181,7Networks_LH_Default_PFC_16,205.0,64.0,82.0,0.0,-25.0,28.0,43.0,Default,LH,1.0,-0.1361231505870819,-0.04205667899389352,,,-0.5779054,0.9508999271706768,,,-1.0194175,,0.4129901,,-0.6051677,,1.1312314,,0.62489647
183,1182,7Networks_LH_Default_PFC_17,205.0,64.0,83.0,0.0,-41.0,19.0,48.0,Default,LH,1.0,0.06482838839292526,-0.04205667899389352,,,-0.67181104,0.18239217474448163,,,-0.64419293,,0.47796592,,-1.3594575,,1.5607815,,0.3591899
184,1183,7Networks_LH_Default_PFC_18,205.0,64.0,84.0,0.0,-8.0,43.0,51.0,Default,LH,1.0,-0.09365245699882507,-0.04205667899389352,,,-1.6457442,0.8247840552126904,,,-1.5650539,,0.5419479,,-0.26163268,,0.78422004,,0.1278026
185,1184,7Networks_LH_Default_PFC_19,205.0,64.0,85.0,0.0,-18.0,36.0,48.0,Default,LH,1.0,-0.1296817809343338,-0.04205667899389352,,,-0.5839087,-0.6941085274657786,,,-1.3958786,,0.43845305,,-0.3439159,,0.4055938,,0.37233788
186,1185,7Networks_LH_Default_PFC_20,205.0,65.0,78.0,0.0,-42.0,7.0,48.0,Default,LH,1.0,0.07536158710718155,-0.04205667899389352,,,-0.59205073,0.1505062280099459,,,-0.32409868,,1.1866107,,-1.4463948,,1.6604204,,0.4224906
187,1186,7Networks_LH_Default_PFC_21,205.0,65.0,79.0,0.0,-30.0,14.0,57.0,Default,LH,1.0,0.031531527638435364,-0.04205667899389352,,,-0.52611727,1.6375830477296196,,,-0.51823765,,0.76874423,,-0.89037627,,1.6547698,,0.7039695
188,1187,7Networks_LH_Default_PFC_22,205.0,65.0,80.0,0.0,-22.0,20.0,52.0,Default,LH,1.0,0.11312566697597504,-0.04205667899389352,,,-0.5410127,-0.7941176934239185,,,-0.9638513,,0.8122936,,-0.4500791,,0.5873203,,0.38295865
189,1188,7Networks_LH_Default_PFC_23,205.0,65.0,81.0,0.0,-13.0,24.0,61.0,Default,LH,1.0,0.09346558153629303,-0.04205667899389352,,,-1.1264365,0.9075933395808979,,,-1.2950841,,1.0093423,,-0.09383211,,0.2684574,,0.6490493
190,1189,7Networks_LH_Default_PFC_24,205.0,65.0,82.0,0.0,-6.0,10.0,65.0,Default,LH,1.0,0.17624706029891968,-0.04205667899389352,,,-0.9211767,1.6056248424021229,,,-0.94375825,,1.7520093,,-0.03543977,,0.27574933,,1.1381829
191,1190,7Networks_LH_Default_pCunPCC_1,205.0,63.0,78.0,0.0,-8.0,-52.0,9.0,Default,LH,1.0,-0.19366127252578735,-0.04205667899389352,,,-0.39997727,0.2620478097389359,,,0.94945365,,0.7196636,,0.6373583,,-2.2690647,,0.123824686
192,1191,7Networks_LH_Default_pCunPCC_2,205.0,63.0,86.0,0.0,-13.0,-61.0,19.0,Default,LH,1.0,0.15336823463439941,-0.04205667899389352,,,1.1663791,0.2770520834203411,,,1.3139958,,-0.2540583,,-0.4344442,,-3.330587,,-0.44175076
193,1192,7Networks_LH_Default_pCunPCC_3,205.0,64.0,86.0,0.0,-4.0,-53.0,20.0,Default,LH,1.0,0.14567412436008453,-0.04205667899389352,,,-0.69811404,0.7450274109635822,,,0.9603219,,1.1462245,,1.4718741,,-2.1430757,,0.42397916
194,1193,7Networks_LH_Default_pCunPCC_4,205.0,65.0,83.0,0.0,-6.0,-41.0,24.0,Default,LH,1.0,0.0392158180475235,-0.04205667899389352,,,0.057280958,-0.3003714290797802,,,1.5529969,,0.8252941,,1.752065,,-1.3372488,,-0.50644475
195,1194,7Networks_LH_Default_pCunPCC_5,205.0,65.0,84.0,0.0,-10.0,-70.0,32.0,Default,LH,1.0,0.2761250436306,-0.04205667899389352,,,0.86846256,0.42862249125842194,,,1.3879242,,0.1805754,,0.7651369,,-1.8869202,,0.074162446
196,1195,7Networks_LH_Default_pCunPCC_6,205.0,65.0,85.0,0.0,-5.0,-60.0,30.0,Default,LH,1.0,0.054065071046352386,-0.04205667899389352,,,0.07499124,1.0557539736805404,,,1.1139846,,1.2960099,,1.7764465,,-2.4257467,,0.997216
197,1196,7Networks_LH_Default_pCunPCC_7,205.0,65.0,86.0,0.0,-7.0,-44.0,32.0,Default,LH,1.0,0.10761324316263199,-0.04205667899389352,,,-0.87403464,0.17979232679130475,,,0.6255081,,1.3406997,,1.7006434,,0.08175161,,0.57596743
198,1197,7Networks_LH_Default_pCunPCC_8,205.0,66.0,79.0,0.0,-4.0,-34.0,38.0,Default,LH,1.0,0.07004790008068085,-0.04205667899389352,,,-1.2935134,0.332072485012125,,,0.5005625,,2.0606575,,1.9642413,,-0.16145329,,2.0360236
199,1198,7Networks_LH_Default_pCunPCC_9,205.0,66.0,80.0,0.0,-3.0,-15.0,37.0,Default,LH,1.0,-0.16414809226989746,-0.04205667899389352,,,-1.6849002,0.14056044785461258,,,0.13735434,,2.4901793,,0.8366455,,0.51466894,,1.5526814
200,1199,7Networks_LH_Default_pCunPCC_10,205.0,66.0,81.0,0.0,-3.0,-68.0,41.0,Default,LH,1.0,0.07815394550561905,-0.04205667899389352,,,0.41484573,1.0197509680676933,,,1.5760964,,1.3918557,,1.4735131,,-1.6942252,,0.8473479
201,1200,7Networks_LH_Default_pCunPCC_11,205.0,66.0,82.0,0.0,-7.0,-51.0,43.0,Default,LH,1.0,0.03801656886935234,-0.04205667899389352,,,-0.25278994,1.2357791170324193,,,1.2447602,,2.0788808,,2.3221312,,-0.75351304,,1.2033733
202,2000,medial_wall,,,,,,,,medial_wall,,7.0,,,,,,,,,,,,,,,,,
203,2001,7Networks_RH_Vis_1,124.0,17.0,130.0,0.0,34.0,-37.0,-23.0,Vis,RH,6.0,-0.2930396497249603,0.1346319546831436,,,1.492203,,0.26022696,,0.64091486,,-0.81493247,,-0.8853135,0.8101073805746261,,,0.1533972
204,2002,7Networks_RH_Vis_2,124.0,17.0,131.0,0.0,31.0,-31.0,-18.0,Vis,RH,6.0,-0.4214612543582916,0.1346319546831436,,,2.0216317,,0.77087367,,-0.048358988,,-1.2601533,,-0.1438464,1.1013839596336494,,,-0.13028398
205,2003,7Networks_RH_Vis_3,124.0,17.0,132.0,0.0,36.0,-53.0,-17.0,Vis,RH,6.0,0.01715930923819542,0.1346319546831436,,,-0.73570764,,0.13315485,,0.4275327,,-0.75361514,,-0.8354897,0.5177550147173904,,,-0.043835774
206,2004,7Networks_RH_Vis_4,124.0,17.0,133.0,0.0,37.0,-73.0,-16.0,Vis,RH,6.0,0.14166688919067383,0.1346319546831436,,,1.0502052,,-0.18600899,,-0.030164259,,-1.3358309,,-1.4036547,0.541073081069999,,,-0.42083666
207,2005,7Networks_RH_Vis_5,124.0,17.0,134.0,0.0,26.0,-52.0,-9.0,Vis,RH,6.0,-0.04207233712077141,0.1346319546831436,,,1.7849813,,-0.2863724,,0.22337815,,-1.2278708,,-0.6766986,0.43950415112450536,,,-0.186451
208,2006,7Networks_RH_Vis_6,124.0,17.0,135.0,0.0,23.0,-74.0,-11.0,Vis,RH,6.0,0.2057085633277893,0.1346319546831436,,,1.1551731,,-0.4344293,,-0.4029034,,-1.7074369,,-1.2510704,0.29204310782122794,,,-0.55132776
209,2007,7Networks_RH_Vis_7,124.0,18.0,128.0,0.0,18.0,-36.0,-12.0,Vis,RH,6.0,-0.40219846367836,0.1346319546831436,,,2.2679558,,0.41178176,,-0.22025739,,-1.1144731,,0.13660246,0.7491752100737088,,,0.44088975
210,2008,7Networks_RH_Vis_8,124.0,18.0,129.0,0.0,20.0,-88.0,-13.0,Vis,RH,6.0,0.4196072816848755,0.1346319546831436,,,0.25310543,,-0.33947974,,-0.12669393,,-1.80521,,-1.6890275,0.1253862072769831,,,-0.5115362
211,2009,7Networks_RH_Vis_9,124.0,18.0,130.0,0.0,50.0,-64.0,-9.0,Vis,RH,6.0,0.133622407913208,0.1346319546831436,,,0.9173667,,0.30240995,,0.7936994,,-0.2445955,,-0.8349123,0.3486249979341183,,,0.62406296
212,2010,7Networks_RH_Vis_10,124.0,18.0,131.0,0.0,42.0,-84.0,-12.0,Vis,RH,6.0,0.3508574962615967,0.1346319546831436,,,0.80614907,,-0.27732232,,-0.051419478,,-1.3841896,,-1.2786757,0.16052193991507954,,,-0.77687293
213,2011,7Networks_RH_Vis_11,124.0,18.0,132.0,0.0,9.0,-72.0,-5.0,Vis,RH,6.0,0.19709031283855438,0.1346319546831436,,,0.7064181,,-0.05355345,,-0.4909465,,-1.570505,,-1.0725615,0.01600426006113142,,,-0.78583443
214,2012,7Networks_RH_Vis_12,124.0,18.0,133.0,0.0,13.0,-58.0,-3.0,Vis,RH,6.0,0.05606008321046829,0.1346319546831436,,,1.095746,,0.40752274,,0.11289488,,-1.6069418,,-1.2424531,0.3741271562500293,,,-0.44234425
215,2013,7Networks_RH_Vis_13,124.0,18.0,134.0,0.0,25.0,-97.0,-10.0,Vis,RH,6.0,0.432235449552536,0.1346319546831436,,,0.6892455,,-0.04687383,,-0.21371023,,-1.4366603,,-1.8194449,0.23546994790813155,,,-0.6112445
216,2014,7Networks_RH_Vis_14,124.0,18.0,136.0,0.0,18.0,-45.0,-3.0,Vis,RH,6.0,-0.15537407994270325,0.1346319546831436,,,1.8690766,,-0.2949216,,-0.40600428,,-1.328684,,-0.5008118,0.3251921351366886,,,-0.63790715
217,2015,7Networks_RH_Vis_15,124.0,18.0,137.0,0.0,8.0,-92.0,-2.0,Vis,RH,6.0,0.4145183563232422,0.1346319546831436,,,1.3023432,,-0.33731547,,0.16792223,,-1.2630169,,-1.073455,-0.2963148250410066,,,-0.38106683
218,2016,7Networks_RH_Vis_16,124.0,18.0,138.0,0.0,48.0,-66.0,4.0,Vis,RH,6.0,0.34614649415016174,0.1346319546831436,,,1.0020431,,-0.015393285,,0.83197886,,-0.65077853,,-0.2856405,0.004202042803269973,,,0.77358615
219,2017,7Networks_RH_Vis_17,124.0,18.0,139.0,0.0,14.0,-46.0,4.0,Vis,RH,6.0,-0.24481689929962158,0.1346319546831436,,,1.7789019,,-0.3172862,,-0.15126388,,-0.8105059,,0.9003179,-0.09710711283654283,,,-0.5758391
220,2018,7Networks_RH_Vis_18,124.0,18.0,140.0,0.0,35.0,-89.0,2.0,Vis,RH,6.0,0.17038020491600037,0.1346319546831436,,,0.64344716,,0.12181979,,0.2335826,,-1.2558433,,-0.87561494,-0.33245521579878734,,,-0.74984616
221,2019,7Networks_RH_Vis_19,124.0,18.0,141.0,0.0,9.0,-74.0,9.0,Vis,RH,6.0,0.328219473361969,0.1346319546831436,,,1.2136056,,-0.311691,,0.11976082,,-1.4973199,,-1.2521563,-1.2647087864598048,,,-0.5647644
222,2020,7Networks_RH_Vis_20,124.0,18.0,142.0,0.0,22.0,-59.0,6.0,Vis,RH,6.0,0.21397732198238373,0.1346319546831436,,,1.8344533,,0.15335318,,0.8256278,,-1.027938,,-0.4439211,-0.48918247560702743,,,-0.48871186
223,2021,7Networks_RH_Vis_21,124.0,19.0,135.0,0.0,24.0,-99.0,7.0,Vis,RH,6.0,0.43504396080970764,0.1346319546831436,,,-0.106959395,,0.21039343,,-0.041919522,,-1.3194917,,-1.6960982,-0.13089105211993599,,,-0.83926797
224,2022,7Networks_RH_Vis_22,124.0,19.0,136.0,0.0,43.0,-79.0,10.0,Vis,RH,6.0,0.0993514209985733,0.1346319546831436,,,0.9642393,,-0.075495586,,0.9366911,,-0.6544252,,0.39358932,-0.06979174995475831,,,0.91812533
225,2023,7Networks_RH_Vis_23,124.0,19.0,137.0,0.0,13.0,-94.0,19.0,Vis,RH,6.0,0.3158695697784424,0.1346319546831436,,,1.3387815,,-0.41905218,,0.51656866,,-0.9801252,,-1.2174314,-0.07747634891916805,,,-0.46733505
226,2024,7Networks_RH_Vis_24,124.0,19.0,138.0,0.0,16.0,-66.0,19.0,Vis,RH,6.0,0.3562781512737274,0.1346319546831436,,,1.6320081,,0.07347629,,0.7715029,,-0.9750805,,-0.56286824,-0.8294430469768429,,,-0.63301903
227,2025,7Networks_RH_Vis_25,124.0,19.0,139.0,0.0,5.0,-80.0,24.0,Vis,RH,6.0,0.1414816528558731,0.1346319546831436,,,1.5694499,,-0.30038142,,0.75721794,,-0.9392614,,-1.2555501,0.07098150795480661,,,-0.4182526
228,2026,7Networks_RH_Vis_26,124.0,19.0,140.0,0.0,27.0,-87.0,21.0,Vis,RH,6.0,0.4099564552307129,0.1346319546831436,,,1.0154282,,-0.13925888,,0.65678203,,-0.9792468,,-0.24987349,-0.42668530686935985,,,-0.12116475
229,2027,7Networks_RH_Vis_27,124.0,19.0,141.0,0.0,36.0,-79.0,24.0,Vis,RH,6.0,0.06491409987211227,0.1346319546831436,,,1.1105298,,0.28560582,,1.2239082,,-0.09214531,,0.5155128,-0.13929485688301657,,,1.3028646
230,2028,7Networks_RH_Vis_28,124.0,19.0,142.0,0.0,14.0,-78.0,34.0,Vis,RH,6.0,0.36315757036209106,0.1346319546831436,,,1.5034525,,0.18009412,,1.1998111,,-0.74188226,,0.14995393,-1.4251385633217353,,,-0.28664848
231,2029,7Networks_RH_Vis_29,124.0,20.0,135.0,0.0,16.0,-87.0,36.0,Vis,RH,6.0,0.3436051309108734,0.1346319546831436,,,1.4656863,,0.34662074,,1.3040928,,-0.86028725,,0.28919098,-0.8868530831970977,,,0.2204343
232,2030,7Networks_RH_Vis_30,124.0,20.0,136.0,0.0,29.0,-78.0,37.0,Vis,RH,6.0,0.32883140444755554,0.1346319546831436,,,1.2562679,,0.36285543,,1.4871004,,-0.6214112,,0.8278306,-1.1663897408680612,,,0.2911314
233,2031,7Networks_RH_SomMot_1,74.0,128.0,179.0,0.0,53.0,3.0,-6.0,SomMot,RH,5.0,-0.23832294344902039,0.19480079292416475,,,0.85670036,,-0.12156602,,0.9680839,,-1.3475156,,1.7338687,,-1.8548521,-0.16259773203894437,
234,2032,7Networks_RH_SomMot_2,74.0,128.0,180.0,0.0,62.0,-19.0,0.0,SomMot,RH,5.0,-0.02051515132188797,0.19480079292416475,,,1.1840625,,0.01149607,,0.99371463,,-0.71731865,,1.6538787,,-1.6142416,-0.4351346042964108,
235,2033,7Networks_RH_SomMot_3,74.0,128.0,181.0,0.0,53.0,-14.0,6.0,SomMot,RH,5.0,0.3514268696308136,0.19480079292416475,,,0.96917343,,0.2237409,,1.0211188,,-0.8295527,,2.1184065,,-1.5033089,0.12364527495941618,
236,2034,7Networks_RH_SomMot_4,74.0,129.0,174.0,0.0,39.0,-19.0,5.0,SomMot,RH,5.0,-0.1235390231013298,0.19480079292416475,,-1.0,0.75749034,,0.6668853,,1.0707448,,-0.9498288,,1.879998,,-1.5203694,-0.7833906924413477,
237,2035,7Networks_RH_SomMot_5,74.0,129.0,175.0,0.0,37.0,-8.0,14.0,SomMot,RH,5.0,-0.007711998652666807,0.19480079292416475,,-1.0,-0.51877147,,-0.53148353,,-0.454338,,-1.0630403,,-0.9080448,,-0.93944937,-1.0889089245969548,
238,2036,7Networks_RH_SomMot_6,74.0,129.0,176.0,0.0,35.0,-21.0,14.0,SomMot,RH,5.0,0.12531477212905884,0.19480079292416475,,-1.0,-1.4775192,,0.048042215,,0.11634703,,-1.337296,,0.30366564,,-2.0364692,-0.9869223300188052,
239,2037,7Networks_RH_SomMot_7,74.0,129.0,177.0,0.0,60.0,-24.0,11.0,SomMot,RH,5.0,0.09552925080060959,0.19480079292416475,,,0.79945433,,0.053183656,,0.6928704,,-1.1743693,,1.8503473,,-1.20302,-0.3444394905463972,
240,2038,7Networks_RH_SomMot_8,74.0,129.0,178.0,0.0,65.0,-34.0,11.0,SomMot,RH,5.0,0.10283403098583221,0.19480079292416475,,,0.9365721,,-0.13974652,,0.6850251,,-1.1106294,,1.4448779,,-1.1494255,-0.4093305261827699,
241,2039,7Networks_RH_SomMot_9,74.0,129.0,179.0,0.0,41.0,-13.0,18.0,SomMot,RH,5.0,0.21329715847969055,0.19480079292416475,,-1.0,-0.4435686,,-0.48824492,,-0.37701035,,-1.5452659,,-0.6815063,,,-0.9416140006865517,
242,2040,7Networks_RH_SomMot_10,74.0,129.0,180.0,0.0,41.0,-29.0,18.0,SomMot,RH,5.0,0.10954926162958145,0.19480079292416475,,-1.0,0.06591997,,0.12621658,,-0.077175625,,-1.5030307,,0.9903578,,-0.38760546,-0.7040745557032778,
243,2041,7Networks_RH_SomMot_11,74.0,129.0,181.0,0.0,50.0,-10.0,13.0,SomMot,RH,5.0,0.18008221685886383,0.19480079292416475,,,-0.12853676,,-0.17669033,,-0.18843704,,-1.8971252,,-0.17989886,,-0.41463614,-0.6310664954733395,
244,2042,7Networks_RH_SomMot_12,74.0,130.0,174.0,0.0,59.0,1.0,10.0,SomMot,RH,5.0,0.0598272904753685,0.19480079292416475,,-1.0,0.52511966,,0.8746361,,-0.43733323,,-0.15809233,,0.533996,,-0.6054911,-0.646429594195786,
245,2043,7Networks_RH_SomMot_13,74.0,130.0,175.0,0.0,49.0,-21.0,19.0,SomMot,RH,5.0,0.1131511926651001,0.19480079292416475,,,0.07386938,,0.23875634,,-0.021118969,,-1.0157764,,0.32204413,,-0.5428241,-0.5782908296653172,
246,2044,7Networks_RH_SomMot_14,74.0,130.0,176.0,0.0,62.0,-12.0,15.0,SomMot,RH,5.0,-0.10937204957008362,0.19480079292416475,,,-0.57795155,,0.34234035,,0.04369201,,-1.1227833,,0.31652454,,-0.57195234,-0.5871078880876565,
247,2045,7Networks_RH_SomMot_15,74.0,130.0,177.0,0.0,61.0,6.0,30.0,SomMot,RH,5.0,0.11134624481201172,0.19480079292416475,,,-0.20899102,,1.0510896,,-0.4694875,,1.3896832,,0.12178873,,-0.053452432,-0.4842294501081695,
248,2046,7Networks_RH_SomMot_16,74.0,130.0,178.0,0.0,60.0,-5.0,27.0,SomMot,RH,5.0,0.28131192922592163,0.19480079292416475,,,0.59677726,,0.94469786,,-0.15907866,,0.37594593,,0.27267668,,-0.31580052,-0.05349508086963561,
249,2047,7Networks_RH_SomMot_17,74.0,130.0,179.0,0.0,61.0,-14.0,30.0,SomMot,RH,5.0,0.1763819307088852,0.19480079292416475,,-1.0,-0.0974016,,0.3895511,,0.36212003,,0.10307512,,0.32221985,,-0.2043294,-0.9972775916307597,
250,2048,7Networks_RH_SomMot_18,74.0,130.0,180.0,0.0,52.0,-6.0,37.0,SomMot,RH,5.0,0.23082061111927032,0.19480079292416475,,,-2.0267959,,0.71658504,,-0.28284472,,1.6868834,,0.056169253,,-0.089735165,0.41151016618597713,
251,2049,7Networks_RH_SomMot_19,74.0,130.0,182.0,0.0,54.0,-17.0,40.0,SomMot,RH,5.0,0.16021782159805298,0.19480079292416475,,-1.0,-0.40340042,,0.67951924,,0.36886725,,0.38760322,,0.2667156,,-0.19287702,-0.7695380206885919,
252,2050,7Networks_RH_SomMot_20,74.0,130.0,183.0,0.0,11.0,-17.0,41.0,SomMot,RH,5.0,0.19611310958862305,0.19480079292416475,,-1.0,-1.2884574,,-0.4532726,,-1.3603044,,1.0801466,,2.0495043,,0.12331917,-0.9617367454880706,
253,2051,7Networks_RH_SomMot_21,74.0,130.0,184.0,0.0,52.0,-13.0,49.0,SomMot,RH,5.0,0.28524312376976013,0.19480079292416475,,1.0,0.026894046,,0.8843047,,0.16447957,,0.37032148,,0.045264136,,0.114165746,0.9226209407734514,
254,2052,7Networks_RH_SomMot_22,74.0,130.0,185.0,0.0,44.0,-10.0,49.0,SomMot,RH,5.0,0.26123782992362976,0.19480079292416475,,1.0,-0.76315063,,0.68328613,,-0.32173854,,1.2473425,,0.57756203,,-0.564916,0.5535409349049037,
255,2053,7Networks_RH_SomMot_23,74.0,130.0,186.0,0.0,49.0,-26.0,56.0,SomMot,RH,5.0,0.20148372650146484,0.19480079292416475,,,0.3767654,,0.89572793,,0.29017898,,0.051616244,,0.6467791,,-0.60919714,0.10662685580553193,
256,2054,7Networks_RH_SomMot_24,74.0,130.0,187.0,0.0,7.0,-10.0,51.0,SomMot,RH,5.0,0.2289063185453415,0.19480079292416475,,,-0.19687594,,0.5472657,,-1.1164423,,1.9158236,,1.6374202,,-0.144025,-0.39484132920299314,
257,2055,7Networks_RH_SomMot_25,74.0,130.0,188.0,0.0,43.0,-21.0,54.0,SomMot,RH,5.0,0.4062839448451996,0.19480079292416475,,1.0,-0.2862071,,1.0297343,,-0.19236822,,0.3271718,,-0.12005769,,-0.18325989,0.5183300507657363,
258,2056,7Networks_RH_SomMot_26,74.0,131.0,181.0,0.0,37.0,-20.0,64.0,SomMot,RH,5.0,0.37761926651000977,0.19480079292416475,,1.0,0.9098166,,1.0392557,,-0.10783049,,0.6211259,,1.3823285,,-0.42310396,1.2039718909114776,
259,2057,7Networks_RH_SomMot_27,74.0,131.0,182.0,0.0,32.0,-34.0,63.0,SomMot,RH,5.0,0.3217141926288605,0.19480079292416475,,1.0,0.9527411,,0.44354993,,0.42408258,,-0.2573887,,0.9546077,,-0.237885,0.4952047647936169,
260,2058,7Networks_RH_SomMot_28,74.0,131.0,183.0,0.0,31.0,-41.0,64.0,SomMot,RH,5.0,0.1120632067322731,0.19480079292416475,,,1.1667447,,0.227929,,0.9263862,,0.16943696,,0.96745145,,0.012877317,0.21844873302175738,
261,2059,7Networks_RH_SomMot_29,74.0,131.0,184.0,0.0,34.0,-27.0,61.0,SomMot,RH,5.0,0.42093363404273987,0.19480079292416475,,1.0,0.62807757,,0.98856527,,0.16746439,,-0.24326696,,0.33726135,,-0.3694909,1.1377152613582482,
262,2060,7Networks_RH_SomMot_30,74.0,131.0,185.0,0.0,4.0,-25.0,58.0,SomMot,RH,5.0,0.3123685121536255,0.19480079292416475,,,0.25090364,,0.7088925,,-0.8437563,,1.320064,,1.5507138,,0.25148776,0.4673438412095545,
263,2061,7Networks_RH_SomMot_31,74.0,131.0,186.0,0.0,29.0,-11.0,65.0,SomMot,RH,5.0,0.3566395044326782,0.19480079292416475,,,0.43240795,,1.0393614,,-0.27681696,,1.3155047,,0.9994796,,-0.86729527,0.16124238768857424,
264,2062,7Networks_RH_SomMot_32,74.0,131.0,187.0,0.0,9.0,-40.0,68.0,SomMot,RH,5.0,0.028475133702158928,0.19480079292416475,,,0.7623707,,0.025097499,,-0.01962435,,1.0325412,,1.188159,,0.2607975,0.4343991172801954,
265,2063,7Networks_RH_SomMot_33,74.0,131.0,188.0,0.0,21.0,-24.0,67.0,SomMot,RH,5.0,0.32544219493865967,0.19480079292416475,,1.0,1.1328777,,0.932497,,-0.19121222,,0.47094294,,1.5453336,,-0.08023527,1.20628598225991,
266,2064,7Networks_RH_SomMot_34,74.0,132.0,181.0,0.0,22.0,-29.0,68.0,SomMot,RH,5.0,0.43186473846435547,0.19480079292416475,,1.0,0.9966401,,0.7557686,,0.19676793,,0.17909652,,0.8964142,,-0.33529383,1.3922348913026033,
267,2065,7Networks_RH_SomMot_35,74.0,132.0,182.0,0.0,22.0,-35.0,71.0,SomMot,RH,5.0,0.26170364022254944,0.19480079292416475,,,1.0001,,0.08215204,,0.5115612,,0.27924705,,1.2765839,,0.16816424,0.2639418192404419,
268,2066,7Networks_RH_SomMot_36,74.0,132.0,183.0,0.0,17.0,-6.0,69.0,SomMot,RH,5.0,0.28871750831604004,0.19480079292416475,,,0.39091957,,1.1125654,,-0.5003308,,1.6325251,,1.3835334,,-0.09584308,-0.09832911059030548,
269,2067,7Networks_RH_SomMot_37,74.0,132.0,184.0,0.0,16.0,-47.0,74.0,SomMot,RH,5.0,-0.008211965672671795,0.19480079292416475,,,0.91770166,,-0.19239865,,0.33998135,,1.0895872,,1.2862787,,0.07429606,0.20877356634567887,
270,2068,7Networks_RH_SomMot_38,74.0,132.0,185.0,0.0,5.0,-22.0,72.0,SomMot,RH,5.0,0.3935869336128235,0.19480079292416475,,1.0,0.9787915,,0.89868915,,-0.62717277,,1.0819788,,1.7029768,,-0.29992497,0.4996006275833517,
271,2069,7Networks_RH_SomMot_39,74.0,132.0,186.0,0.0,17.0,-18.0,73.0,SomMot,RH,5.0,0.4215538203716278,0.19480079292416475,,1.0,0.7017213,,1.1241169,,-0.41473874,,1.0300323,,1.5084546,,-0.36572328,1.0096388972336439,
272,2070,7Networks_RH_SomMot_40,74.0,132.0,187.0,0.0,13.0,-33.0,76.0,SomMot,RH,5.0,0.16654767096042633,0.19480079292416475,,1.0,1.0908794,,0.3721808,,0.12450341,,0.6496301,,1.1108298,,-0.34827948,1.1772461832402383,
273,2071,7Networks_RH_DorsAttn_Post_1,4.0,118.0,15.0,0.0,50.0,-49.0,-18.0,DorsAttn,RH,2.0,0.054357994347810745,0.11041316195674565,,,1.0475899,,0.31543326,,0.6985907,,-0.13321023,-0.5377109969655421,,,-0.5536569,,0.65012175
274,2072,7Networks_RH_DorsAttn_Post_2,4.0,119.0,8.0,0.0,59.0,-55.0,-2.0,DorsAttn,RH,2.0,-0.05170373246073723,0.11041316195674565,,,-0.10101601,,0.71378165,,0.365323,,-0.26135227,-0.5764994368828729,,,-1.7450889,,0.58418554
275,2073,7Networks_RH_DorsAttn_Post_3,4.0,119.0,9.0,0.0,54.0,-56.0,12.0,DorsAttn,RH,2.0,0.08218187093734741,0.11041316195674565,,,-0.5649991,,0.17468642,,0.24949183,,-0.026942652,-0.4812493648637205,,,-0.69059086,,0.29038393
276,2074,7Networks_RH_DorsAttn_Post_4,4.0,119.0,10.0,0.0,45.0,-75.0,31.0,DorsAttn,RH,2.0,0.17175182700157166,0.11041316195674565,,,1.0444218,,0.4080824,,1.4199739,,-0.066524036,0.23208352162818352,,,-1.4903624,,1.1649656
277,2075,7Networks_RH_DorsAttn_Post_5,4.0,119.0,11.0,0.0,32.0,-66.0,35.0,DorsAttn,RH,2.0,0.28609728813171387,0.11041316195674565,,,0.75226045,,0.6737662,,1.6701033,,0.066183954,-0.22788654551822024,,,-1.9180107,,0.6513396
278,2076,7Networks_RH_DorsAttn_Post_6,4.0,119.0,12.0,0.0,57.0,-23.0,44.0,DorsAttn,RH,2.0,-0.1225472167134285,0.11041316195674565,,,0.077696785,,0.68055606,,0.5604083,,0.09456662,0.06057550000892055,,,-0.112078786,,0.2319397
279,2077,7Networks_RH_DorsAttn_Post_7,4.0,119.0,13.0,0.0,19.0,-79.0,50.0,DorsAttn,RH,2.0,0.13003389537334442,0.11041316195674565,,,1.4106218,,0.46332762,,1.6901304,,-0.53727394,0.9016788272227655,,,-1.9369489,,0.1585375
280,2078,7Networks_RH_DorsAttn_Post_8,4.0,119.0,14.0,0.0,44.0,-37.0,50.0,DorsAttn,RH,2.0,0.3874623477458954,0.11041316195674565,,,-0.30691144,,0.8127486,,0.95521766,,0.17144933,0.03484081884984163,,,-0.45670497,,0.18263784
281,2079,7Networks_RH_DorsAttn_Post_9,4.0,119.0,16.0,0.0,45.0,-28.0,42.0,DorsAttn,RH,2.0,0.08281148225069046,0.11041316195674565,,,-1.1726706,,1.0621223,,0.5878556,,-0.32810175,-0.5431410181065746,,,-0.3049179,,0.7556384
282,2080,7Networks_RH_DorsAttn_Post_10,4.0,119.0,17.0,0.0,31.0,-64.0,53.0,DorsAttn,RH,2.0,0.1577662229537964,0.11041316195674565,,,1.0029981,,0.2767453,,1.816099,,0.111817494,0.6913876924903903,,,-1.0098927,,0.37270817
283,2081,7Networks_RH_DorsAttn_Post_11,4.0,119.0,18.0,0.0,36.0,-44.0,45.0,DorsAttn,RH,2.0,0.3397540748119354,0.11041316195674565,,,0.33675787,,1.2147107,,1.258777,,-0.10293972,-0.06316138204227187,,,-0.4849794,,0.5452039
284,2082,7Networks_RH_DorsAttn_Post_12,4.0,119.0,19.0,0.0,21.0,-69.0,53.0,DorsAttn,RH,2.0,0.1944916844367981,0.11041316195674565,,,1.140676,,0.32465255,,1.8219932,,-0.023861825,0.9986971394545932,,,-1.3840966,,0.3236687
285,2083,7Networks_RH_DorsAttn_Post_13,4.0,119.0,20.0,0.0,35.0,-36.0,51.0,DorsAttn,RH,2.0,0.08162323385477066,0.11041316195674565,,,0.16286975,,0.8556923,,0.94533044,,-0.12024088,0.39287772630252965,,,-0.3445392,,1.1783588
286,2084,7Networks_RH_DorsAttn_Post_14,4.0,119.0,21.0,0.0,34.0,-50.0,54.0,DorsAttn,RH,2.0,0.17592671513557434,0.11041316195674565,,,0.56718975,,0.6265878,,1.6755804,,0.0020417613,0.6736399577469194,,,-0.5356399,,0.8056695
287,2085,7Networks_RH_DorsAttn_Post_15,4.0,119.0,22.0,0.0,8.0,-71.0,53.0,DorsAttn,RH,2.0,-0.09576676785945892,0.11041316195674565,,,1.0817746,,0.22734506,,1.5047277,,0.18227088,0.4507625960373469,,,-1.0569386,,0.14888836
288,2086,7Networks_RH_DorsAttn_Post_16,4.0,120.0,15.0,0.0,27.0,-58.0,61.0,DorsAttn,RH,2.0,0.23849588632583618,0.11041316195674565,,,0.84928465,,0.6363053,,1.8856424,,0.18446632,0.8556641148494354,,,-1.2099967,,0.8247545
289,2087,7Networks_RH_DorsAttn_Post_17,4.0,120.0,16.0,0.0,7.0,-54.0,59.0,DorsAttn,RH,2.0,-0.29594743251800537,0.11041316195674565,,,0.8140078,,-0.021468531,,0.72067577,,1.100603,0.5267157792306694,,,-0.26898238,,0.8478923
290,2088,7Networks_RH_DorsAttn_Post_18,4.0,120.0,17.0,0.0,14.0,-64.0,65.0,DorsAttn,RH,2.0,0.06223369762301445,0.11041316195674565,,,0.88885576,,0.21537377,,1.2669781,,0.74165606,0.9365716350115875,,,-0.8335162,,0.92615783
291,2089,7Networks_RH_DorsAttn_Post_19,4.0,120.0,18.0,0.0,24.0,-50.0,68.0,DorsAttn,RH,2.0,-0.1638973504304886,0.11041316195674565,,,0.98102283,,0.20696104,,1.158685,,0.58225715,0.8721967129715309,,,-0.54130864,,1.350572
292,2090,7Networks_RH_DorsAttn_FEF_1,5.0,118.0,15.0,0.0,39.0,-3.0,53.0,DorsAttn,RH,2.0,0.15827253460884094,0.11041316195674565,,,-0.07137648,,1.1253108,,-0.44437063,,1.8046999,0.4173230614033091,,,-0.75554615,,3.1325357
293,2091,7Networks_RH_DorsAttn_FEF_2,5.0,118.0,16.0,0.0,27.0,-3.0,52.0,DorsAttn,RH,2.0,0.2680445909500122,0.11041316195674565,,,0.0093546435,,0.94160557,,-0.11729765,,2.5726666,-0.6252949597795644,,,-1.2880683,,2.4890018
294,2092,7Networks_RH_DorsAttn_FEF_3,5.0,118.0,17.0,0.0,25.0,-3.0,64.0,DorsAttn,RH,2.0,0.1469702422618866,0.11041316195674565,,,0.027959872,,0.799324,,-0.33356562,,1.9862919,0.2761305620995276,,,-0.46428767,,2.3513823
295,2093,7Networks_RH_DorsAttn_PrCv_1,5.0,118.0,18.0,0.0,49.0,8.0,25.0,DorsAttn,RH,2.0,0.05121844261884689,0.11041316195674565,,,-0.59523565,,1.4420888,,-0.84088695,,1.5780091,-0.6514930328099858,,,-0.5112071,,1.5824016
296,2094,7Networks_RH_SalVentAttn_TempOccPar_1,201.0,58.0,249.0,0.0,59.0,-46.0,7.0,SalVentAttn,RH,4.0,-0.05999036133289337,-0.04219346203435054,,,-0.6221027,,0.5460736,,0.09941282,-0.06556177480622852,,,-1.0567387,,-1.6851475,,-0.02972555
297,2095,7Networks_RH_SalVentAttn_TempOccPar_2,201.0,58.0,250.0,0.0,51.0,-41.0,13.0,SalVentAttn,RH,4.0,0.24499832093715668,-0.04219346203435054,,,-2.0625598,,-0.3102873,,-0.028553313,-0.34614647371264756,,,-0.21668582,,-0.8204365,,-1.124945
298,2096,7Networks_RH_SalVentAttn_TempOccPar_3,201.0,58.0,252.0,0.0,62.0,-40.0,22.0,SalVentAttn,RH,4.0,0.19537177681922913,-0.04219346203435054,,,0.6907208,,-0.09247058,,0.26276585,0.3042875754192822,,,0.93838966,,-0.5307739,,-1.2224979
299,2097,7Networks_RH_SalVentAttn_TempOccPar_4,201.0,58.0,253.0,0.0,58.0,-31.0,24.0,SalVentAttn,RH,4.0,-0.05563095211982727,-0.04219346203435054,,,0.99887925,,-0.08201465,,0.2668877,0.2102352956644976,,,1.2023089,,-0.5954036,,-1.1023986
300,2098,7Networks_RH_SalVentAttn_TempOccPar_5,201.0,58.0,254.0,0.0,60.0,-22.0,22.0,SalVentAttn,RH,4.0,-0.0015852522337809205,-0.04219346203435054,,,0.9195735,,0.03425978,,0.48889422,0.002591974813033887,,,0.7298767,,-0.661855,,-0.13153084
301,2099,7Networks_RH_SalVentAttn_TempOccPar_6,201.0,58.0,255.0,0.0,63.0,-26.0,38.0,SalVentAttn,RH,4.0,-0.1256323754787445,-0.04219346203435054,,,0.7742561,,0.26770735,,0.48496976,-0.10173790207915206,,,0.9811046,,0.03762767,,-0.47906068
302,2100,7Networks_RH_SalVentAttn_TempOccPar_7,198.0,51.0,250.0,0.0,62.0,-37.0,37.0,SalVentAttn,RH,4.0,-0.17547544836997986,-0.04219346203435054,,,0.86525625,,0.089619935,,0.7482482,-0.3025488099131075,,,1.090924,,-0.14174058,,-0.747751
303,2101,7Networks_RH_SalVentAttn_PrC_1,201.0,59.0,251.0,0.0,51.0,3.0,41.0,SalVentAttn,RH,4.0,-0.13147597014904022,-0.04219346203435054,,,-0.20053002,,0.9311582,,-0.72594416,0.8317896813310901,,,0.053464685,,-0.406838,,2.6168845
304,2102,7Networks_RH_SalVentAttn_FrOperIns_1,201.0,59.0,249.0,0.0,40.0,5.0,-15.0,SalVentAttn,RH,4.0,-0.3335331380367279,-0.04219346203435054,,,0.57317823,,0.3993558,,-0.64145285,-0.5762953244997158,,,0.11787233,,-1.4143616,,0.2614833
305,2103,7Networks_RH_SalVentAttn_FrOperIns_2,201.0,59.0,250.0,0.0,41.0,8.0,-3.0,SalVentAttn,RH,4.0,-0.11833125352859497,-0.04219346203435054,,,-0.07864637,,0.42462224,,-1.1949284,-0.33323058625224583,,,0.1820792,,-0.495585,,0.40407288
306,2104,7Networks_RH_SalVentAttn_FrOperIns_3,201.0,59.0,252.0,0.0,40.0,-10.0,-4.0,SalVentAttn,RH,4.0,-0.39270445704460144,-0.04219346203435054,,,1.3653402,,0.70808667,,0.5465801,-0.5465688067614324,,,1.5791684,,-1.7636279,,0.7073694
307,2105,7Networks_RH_SalVentAttn_FrOperIns_4,201.0,59.0,253.0,0.0,39.0,-2.0,6.0,SalVentAttn,RH,4.0,-0.24111175537109375,-0.04219346203435054,,,-0.4436549,,0.31834525,,-0.41121936,-0.6407021453290865,,,0.27950826,,-0.6526611,,0.72349787
308,2106,7Networks_RH_SalVentAttn_FrOperIns_5,201.0,59.0,254.0,0.0,37.0,23.0,5.0,SalVentAttn,RH,4.0,0.09113376587629318,-0.04219346203435054,,,-0.7703591,,-0.11588464,,-0.99640316,-0.6313734473303265,,,-1.1080116,,-0.6402859,,-0.06825076
309,2107,7Networks_RH_SalVentAttn_FrOperIns_6,201.0,59.0,255.0,0.0,38.0,7.0,11.0,SalVentAttn,RH,4.0,-0.0967288538813591,-0.04219346203435054,,,-0.04528698,,-0.18568373,,-0.3999462,-0.7598187731137751,,,-1.5196065,,-0.31914383,,-0.20086095
310,2108,7Networks_RH_SalVentAttn_FrOperIns_7,198.0,52.0,250.0,0.0,49.0,5.0,3.0,SalVentAttn,RH,4.0,-0.022992046549916267,-0.04219346203435054,,,0.12442154,,0.5520772,,-0.8213574,0.3787239382132036,,,0.27746502,,-0.36834922,,0.39748228
311,2109,7Networks_RH_SalVentAttn_FrOperIns_8,198.0,52.0,251.0,0.0,54.0,12.0,12.0,SalVentAttn,RH,4.0,0.10886499285697937,-0.04219346203435054,,,-0.059341088,,0.9971949,,-0.92345524,-0.515227214736064,,,0.20694757,,-0.47765088,,0.91807824
312,2110,7Networks_RH_SalVentAttn_PFCl_1,200.0,57.0,251.0,0.0,33.0,45.0,28.0,SalVentAttn,RH,4.0,0.08463853597640991,-0.04219346203435054,,,-0.83142143,,0.7631234,,-1.6940858,-0.40704817026271967,,,-0.36078703,,-0.40338412,,1.1092331
313,2111,7Networks_RH_SalVentAttn_Med_1,200.0,57.0,247.0,0.0,7.0,19.0,35.0,SalVentAttn,RH,4.0,-0.1393084079027176,-0.04219346203435054,,,-0.7664483,,0.52118474,,-1.9328177,-0.9181195623288447,,,1.3126659,,0.21632926,,1.0392977
314,2112,7Networks_RH_SalVentAttn_Med_2,200.0,57.0,248.0,0.0,7.0,2.0,43.0,SalVentAttn,RH,4.0,0.054439716041088104,-0.04219346203435054,,,-0.23057796,,0.6947307,,-1.262583,-0.6325866896333808,,,1.639983,,0.52533144,,1.2762263
315,2113,7Networks_RH_SalVentAttn_Med_3,200.0,57.0,250.0,0.0,12.0,-34.0,43.0,SalVentAttn,RH,4.0,0.040282707661390305,-0.04219346203435054,,,-0.3747914,,-0.024862373,,-0.5482288,-0.0029561571230348345,,,1.7445962,,-0.10936822,,1.037775
316,2114,7Networks_RH_SalVentAttn_Med_4,200.0,57.0,252.0,0.0,6.0,11.0,58.0,SalVentAttn,RH,4.0,0.14074139297008514,-0.04219346203435054,,,-0.12550512,,0.7649295,,-1.4875582,0.5605388827312987,,,0.4689112,,0.04796368,,0.9479497
317,2115,7Networks_RH_SalVentAttn_Med_5,200.0,57.0,253.0,0.0,10.0,-43.0,53.0,SalVentAttn,RH,4.0,-0.07628872245550156,-0.04219346203435054,,,0.29149413,,-0.32886362,,-0.016376182,1.34780497571118,,,1.0465649,,0.66395706,,0.73703295
318,2116,7Networks_RH_SalVentAttn_Med_6,200.0,57.0,254.0,0.0,11.0,-32.0,50.0,SalVentAttn,RH,4.0,0.10778643190860748,-0.04219346203435054,,,0.11247855,,0.31704998,,-0.5387267,1.4396316592277838,,,1.600415,,-0.12717108,,1.1027577
319,2117,7Networks_RH_SalVentAttn_Med_7,200.0,57.0,255.0,0.0,7.0,-2.0,67.0,SalVentAttn,RH,4.0,0.26680028438568115,-0.04219346203435054,,,0.11306915,,0.9182105,,-0.84809315,0.99125707549627,,,1.3660411,,-0.1283456,,2.2036011
320,2118,7Networks_RH_SalVentAttn_Med_8,200.0,58.0,249.0,0.0,16.0,7.0,69.0,SalVentAttn,RH,4.0,0.09480055421590805,-0.04219346203435054,,,0.109260365,,0.8403824,,-0.6703068,1.2154383883075925,,,0.80454516,,-0.36122355,,1.937407
321,2119,7Networks_RH_Limbic_OFC_1,224.0,249.0,163.0,0.0,13.0,24.0,-21.0,Limbic,RH,3.0,-0.36951857805252075,-0.31453387453578985,-0.455913843288279,,,,-0.30993018,,-1.7105507,,-1.4692258,,-0.5510528,,-0.10321907,,-0.18958499
322,2120,7Networks_RH_Limbic_OFC_2,224.0,249.0,165.0,0.0,23.0,22.0,-21.0,Limbic,RH,3.0,-0.19711172580718994,-0.31453387453578985,0.15359634546837792,,,,-0.5955109,,-1.3029032,,-1.6397638,,-0.61866695,,-0.64498955,,-0.06938207
323,2121,7Networks_RH_Limbic_OFC_3,224.0,249.0,166.0,0.0,8.0,47.0,-23.0,Limbic,RH,3.0,-0.3549637198448181,-0.31453387453578985,-0.3710620220850451,,,,-0.11085705,,-1.889159,,-1.1463718,,-0.794746,,-0.45970407,,-0.34128827
324,2122,7Networks_RH_Limbic_OFC_4,224.0,249.0,167.0,0.0,20.0,43.0,-18.0,Limbic,RH,3.0,-0.22047224640846252,-0.31453387453578985,0.39216668557031376,,,,0.42458242,,-1.5438275,,-1.0781602,,-0.63301915,,-0.5023909,,-0.04278519
325,2123,7Networks_RH_Limbic_OFC_5,224.0,249.0,168.0,0.0,5.0,22.0,-21.0,Limbic,RH,3.0,-0.40078622102737427,-0.31453387453578985,0.18445334571015626,,,,-0.92245126,,-1.9020596,,-0.66313255,,-0.61080974,,-0.2697569,,-0.5549272
326,2124,7Networks_RH_Limbic_OFC_6,224.0,249.0,169.0,0.0,9.0,63.0,-14.0,Limbic,RH,3.0,-0.22563432157039642,-0.31453387453578985,0.03022857291392497,,,,0.28400248,,-1.7993432,,-0.9502131,,-0.34691647,,0.18901779,,-0.24432687
327,2125,7Networks_RH_Limbic_TempPole_1,224.0,249.0,164.0,0.0,28.0,-1.0,-40.0,Limbic,RH,3.0,-0.402469277381897,-0.31453387453578985,-0.10394546499708711,,,,0.000915613,,-0.32076362,,-1.2229996,,0.041340772,,-0.21258081,,0.049629826
328,2126,7Networks_RH_Limbic_TempPole_2,224.0,249.0,170.0,0.0,49.0,-7.0,-39.0,Limbic,RH,3.0,-0.2743830382823944,-0.31453387453578985,0.3972275000474927,,,,-0.15261088,,0.24480456,,-0.9910755,,-0.34309372,,-0.78004265,,0.059294168
329,2127,7Networks_RH_Limbic_TempPole_3,224.0,249.0,171.0,0.0,37.0,17.0,-38.0,Limbic,RH,3.0,-0.4046495258808136,-0.31453387453578985,0.07689126476656233,,,,-0.19341879,,-0.26996943,,-1.5338564,,0.16016845,,-0.6774974,,-0.13583343
330,2128,7Networks_RH_Limbic_TempPole_4,224.0,249.0,172.0,0.0,39.0,-15.0,-31.0,Limbic,RH,3.0,-0.38830670714378357,-0.31453387453578985,0.056694504034943284,,,,0.35527134,,0.030909363,,-0.6661494,,-1.0353245,,0.0022814046,,0.14216533
331,2129,7Networks_RH_Limbic_TempPole_5,224.0,250.0,165.0,0.0,29.0,12.0,-30.0,Limbic,RH,3.0,-0.40081602334976196,-0.31453387453578985,0.24075508970588033,,,,-0.54675835,,-0.6666796,,-1.5216562,,-0.035437852,,-0.27329025,,-0.2318949
332,2130,7Networks_RH_Limbic_TempPole_6,224.0,250.0,166.0,0.0,50.0,-28.0,-26.0,Limbic,RH,3.0,-0.3672723174095154,-0.31453387453578985,-0.656617425847537,,,,0.030769829,,0.39532605,,-0.44579318,,-0.9316726,,-0.6073354,,-0.3265605
333,2131,7Networks_RH_Limbic_TempPole_7,224.0,250.0,167.0,0.0,23.0,-18.0,-27.0,Limbic,RH,3.0,-0.37629401683807373,-0.31453387453578985,0.6595731661133756,,,,0.14745189,,-0.0472872,,-0.99647427,,0.8725479,,-0.7634576,,0.76773626
334,2132,7Networks_RH_Cont_Par_1,234.0,147.0,33.0,0.0,54.0,-53.0,44.0,Cont,RH,0.0,-0.0790640264749527,0.011534729439657755,,,0.82613546,,0.35837847,0.28298671233838824,,,-0.16058393,,0.9990003,,-0.1320611,,0.3541108
335,2133,7Networks_RH_Cont_Par_2,234.0,147.0,35.0,0.0,56.0,-41.0,48.0,Cont,RH,0.0,0.0005286403466016054,0.011534729439657755,,,0.7629728,,0.44019303,-0.047514229894031375,,,-0.14344294,,1.4224633,,0.24137741,,-0.22174916
336,2134,7Networks_RH_Cont_Par_3,234.0,147.0,36.0,0.0,35.0,-71.0,47.0,Cont,RH,0.0,0.2251628339290619,0.011534729439657755,,,0.91291267,,0.2561071,1.1011127104843192,,,0.09576319,,1.3483639,,-1.1515318,,0.9221292
337,2135,7Networks_RH_Cont_Par_4,234.0,147.0,37.0,0.0,54.0,-33.0,51.0,Cont,RH,0.0,-0.1585765928030014,0.011534729439657755,,,0.7168757,,0.53116024,0.8056393619897109,,,0.034989063,,1.3937283,,0.16150025,,-0.13214953
338,2136,7Networks_RH_Cont_Par_5,234.0,147.0,38.0,0.0,47.0,-44.0,46.0,Cont,RH,0.0,0.05126849189400673,0.011534729439657755,,,0.57814765,,0.6541744,0.356646194610034,,,-0.38634014,,1.679294,,-0.26728752,,0.022787632
339,2137,7Networks_RH_Cont_Par_6,234.0,147.0,39.0,0.0,41.0,-55.0,48.0,Cont,RH,0.0,-0.1337374895811081,0.011534729439657755,,,0.72514236,,0.42766893,0.8968415984805923,,,0.14386411,,1.3158296,,-0.774603,,0.7986981
340,2138,7Networks_RH_Cont_Temp_1,234.0,147.0,34.0,0.0,62.0,-28.0,-20.0,Cont,RH,0.0,-0.15619979798793793,0.011534729439657755,,,0.68402165,,0.24092804,-0.39795545207144317,,,-0.5090022,,0.14100978,,-1.4288834,,-0.19340253
341,2139,7Networks_RH_Cont_Temp_2,234.0,147.0,40.0,0.0,63.0,-42.0,-11.0,Cont,RH,0.0,-0.12131230533123016,0.011534729439657755,,,0.39732373,,0.5782812,-0.397788093295625,,,-0.18559268,,0.011118424,,-1.4733604,,0.23229003
342,2140,7Networks_RH_Cont_PFCv_1,233.0,148.0,35.0,0.0,34.0,21.0,-8.0,Cont,RH,0.0,0.12983956933021545,0.011534729439657755,,,-0.33987233,,-0.27433157,-0.4130686123689986,,,-2.2895842,,-0.47216147,,-0.6089202,,0.20187344
343,2141,7Networks_RH_Cont_PFCl_1,233.0,148.0,27.0,0.0,28.0,55.0,-14.0,Cont,RH,0.0,-0.14909012615680695,0.011534729439657755,,,-1.6432377,,0.80107504,-0.9427354192185297,,,-0.92740464,,-0.37569767,,-0.5292935,,0.21218742
344,2142,7Networks_RH_Cont_PFCl_2,233.0,148.0,28.0,0.0,42.0,51.0,-6.0,Cont,RH,0.0,-0.0932498350739479,0.011534729439657755,,,-1.319387,,0.91687036,-0.4411807449588397,,,-0.64903593,,-0.06322716,,-0.6792032,,0.7687407
345,2143,7Networks_RH_Cont_PFCl_3,233.0,148.0,29.0,0.0,27.0,59.0,3.0,Cont,RH,0.0,0.0222240649163723,0.011534729439657755,,,-1.6108694,,0.72552615,-0.7336135083055618,,,-0.4698331,,-0.34982386,,-0.49323297,,0.81781924
346,2144,7Networks_RH_Cont_PFCl_4,233.0,148.0,30.0,0.0,49.0,40.0,5.0,Cont,RH,0.0,0.051941074430942535,0.011534729439657755,,,-0.54984856,,0.36076337,-0.5222847740627367,,,-0.4649202,,-1.2370905,,-0.48198503,,0.53001213
347,2145,7Networks_RH_Cont_PFCl_5,233.0,148.0,31.0,0.0,42.0,46.0,14.0,Cont,RH,0.0,-0.038238298147916794,0.011534729439657755,,,-1.1620581,,0.7841326,-0.4401984727862623,,,0.013915392,,-0.41970995,,-0.22113691,,1.1365377
348,2146,7Networks_RH_Cont_PFCl_6,233.0,148.0,32.0,0.0,50.0,30.0,18.0,Cont,RH,0.0,-0.03994034230709076,0.011534729439657755,,,-0.9922478,,1.189809,-0.5942653697585567,,,0.5437333,,-0.75538373,,-0.02151827,,1.0903722
349,2147,7Networks_RH_Cont_PFCl_7,233.0,148.0,34.0,0.0,48.0,18.0,23.0,Cont,RH,0.0,0.17050492763519287,0.011534729439657755,,,-0.3898292,,1.2888502,0.1964986865003345,,,1.3118298,,-0.36452088,,-0.30483553,,1.3868234
350,2148,7Networks_RH_Cont_PFCl_8,233.0,148.0,36.0,0.0,25.0,54.0,25.0,Cont,RH,0.0,-0.20383383333683014,0.011534729439657755,,,-0.96610665,,0.47955868,-0.5265671086455376,,,-0.46410277,,-0.08163252,,-0.38768747,,0.7778026
351,2149,7Networks_RH_Cont_PFCl_9,233.0,148.0,37.0,0.0,47.0,29.0,28.0,Cont,RH,0.0,-0.05613339692354202,0.011534729439657755,,,-0.44031784,,0.97575665,-0.11223879606680628,,,1.1259166,,-0.38259628,,-0.30088684,,1.5813754
352,2150,7Networks_RH_Cont_PFCl_10,233.0,148.0,38.0,0.0,39.0,11.0,34.0,Cont,RH,0.0,0.08810295909643173,0.011534729439657755,,,-0.5495503,,-0.44597667,-0.745481708722604,,,1.2482613,,-2.2472107,,-0.15561551,,0.7711858
353,2151,7Networks_RH_Cont_PFCl_11,233.0,148.0,39.0,0.0,39.0,33.0,38.0,Cont,RH,0.0,0.08607645332813263,0.011534729439657755,,,-0.7946599,,0.9180603,-0.43519144608759425,,,0.6124849,,-0.37128437,,-0.6385211,,1.6241621
354,2152,7Networks_RH_Cont_PFCl_12,233.0,148.0,40.0,0.0,45.0,19.0,44.0,Cont,RH,0.0,0.0897531732916832,0.011534729439657755,,,-0.33050248,,1.2374353,0.15506716524456932,,,1.0466869,,-0.050569296,,-0.45542333,,2.1419606
355,2153,7Networks_RH_Cont_PFCl_13,233.0,149.0,33.0,0.0,43.0,7.0,51.0,Cont,RH,0.0,0.07739526778459549,0.011534729439657755,,,-0.20469345,,0.86093986,0.49534516936548223,,,1.5812399,,-0.09348549,,-0.630642,,2.359775
356,2154,7Networks_RH_Cont_PFCl_14,233.0,149.0,34.0,0.0,34.0,15.0,56.0,Cont,RH,0.0,0.046614836901426315,0.011534729439657755,,,-0.06811688,,1.2863457,0.9800646999880881,,,1.4824281,,0.36000443,,-0.49558845,,2.3859804
357,2155,7Networks_RH_Cont_PFCl_15,233.0,149.0,35.0,0.0,24.0,10.0,58.0,Cont,RH,0.0,0.1142769530415535,0.011534729439657755,,,0.081451446,,1.3609581,0.3631930294175415,,,1.5674114,,0.66637415,,-0.64697707,,2.1050296
358,2156,7Networks_RH_Cont_pCun_1,233.0,147.0,35.0,0.0,13.0,-71.0,39.0,Cont,RH,0.0,0.2210475206375122,0.011534729439657755,,,1.4597647,,0.20924567,1.5434529863179238,,,-0.43153998,,0.9033607,,-1.6915314,,-0.23320803
359,2157,7Networks_RH_Cont_pCun_2,233.0,147.0,36.0,0.0,5.0,-64.0,44.0,Cont,RH,0.0,0.1660768836736679,0.011534729439657755,,,1.0125953,,0.16123378,0.5777686258446568,,,0.028429616,,1.0762812,,-0.7659416,,0.03505245
360,2158,7Networks_RH_Cont_Cing_1,233.0,147.0,34.0,0.0,6.0,-26.0,28.0,Cont,RH,0.0,0.06281375139951706,0.011534729439657755,,,0.96452016,,-0.11867827,-0.7020925654827036,,,1.043322,,1.6912818,,0.43901697,,1.2264705
361,2159,7Networks_RH_Cont_Cing_2,233.0,147.0,37.0,0.0,5.0,1.0,30.0,Cont,RH,0.0,0.08446647971868515,0.011534729439657755,,,-0.4543923,,0.5951929,-1.3288085390228743,,,1.4396645,,0.76143855,,0.57485497,,1.14148
362,2160,7Networks_RH_Cont_PFCmp_1,234.0,148.0,37.0,0.0,8.0,35.0,25.0,Cont,RH,0.0,-0.034509070217609406,0.011534729439657755,,,-1.666135,,-0.1812596,-1.082464094521114,,,-0.34860203,,0.27555144,,0.18553914,,0.34340593
363,2161,7Networks_RH_Cont_PFCmp_2,234.0,148.0,38.0,0.0,5.0,28.0,48.0,Cont,RH,0.0,0.06280389428138733,0.011534729439657755,,,-0.55068517,,0.72873574,-0.15888015712492118,,,0.29665837,,0.8122341,,-0.03774073,,1.0267252
364,2162,7Networks_RH_Default_Par_1,209.0,62.0,76.0,0.0,55.0,-46.0,19.0,Default,RH,1.0,0.131214901804924,-0.04205667899389352,,,-1.0290041,-0.3249593558370042,,,0.08302851,,-0.2609707,,-1.7887996,,-1.0441524,,-0.7008603
365,2163,7Networks_RH_Default_Par_2,209.0,62.0,78.0,0.0,48.0,-64.0,22.0,Default,RH,1.0,0.08365194499492645,-0.04205667899389352,,,0.64073366,-0.08704055901001445,,,0.6208872,,-0.20330228,,-0.43174633,,-0.75679016,,0.8730321
366,2164,7Networks_RH_Default_Par_3,209.0,62.0,79.0,0.0,53.0,-53.0,26.0,Default,RH,1.0,-0.027396447956562042,-0.04205667899389352,,,0.5270757,0.1530039850232903,,,0.80095893,,-0.4270815,,-0.5313611,,-0.77691674,,0.26043153
367,2165,7Networks_RH_Default_Par_4,209.0,62.0,80.0,0.0,55.0,-45.0,33.0,Default,RH,1.0,-0.15738853812217712,-0.04205667899389352,,,0.4657287,-0.13966660144802454,,,0.35707554,,-0.7381882,,0.35885617,,-0.35479575,,-0.823294
368,2166,7Networks_RH_Default_Par_5,209.0,62.0,81.0,0.0,47.0,-64.0,42.0,Default,RH,1.0,0.0007399169262498617,-0.04205667899389352,,,0.8008967,0.5539607276153947,,,1.4268556,,-0.047042865,,1.0993303,,-0.91604495,,1.0239513
369,2167,7Networks_RH_Default_Temp_1,209.0,61.0,76.0,0.0,49.0,9.0,-33.0,Default,RH,1.0,-0.2888828217983246,-0.04205667899389352,,,0.57885206,-0.3487765668407811,,,0.057037793,,-1.296914,,0.15557247,,-0.9526767,,-0.31551123
370,2168,7Networks_RH_Default_Temp_2,209.0,61.0,77.0,0.0,61.0,-8.0,-23.0,Default,RH,1.0,-0.2714560627937317,-0.04205667899389352,,,0.48569906,-0.28794231112680596,,,0.22488917,,-0.9387316,,0.43128708,,-1.4889334,,-0.29600942
371,2169,7Networks_RH_Default_Temp_3,209.0,61.0,79.0,0.0,47.0,16.0,-20.0,Default,RH,1.0,-0.4172621965408325,-0.04205667899389352,,,0.103422426,0.22619868764225676,,,-0.053688403,,-1.7911742,,0.5832403,,-1.4021508,,-0.45135784
372,2170,7Networks_RH_Default_Temp_4,209.0,61.0,80.0,0.0,55.0,-4.0,-14.0,Default,RH,1.0,-0.2133028656244278,-0.04205667899389352,,,0.84882736,-0.34256898339431485,,,0.6990278,,-0.89000434,,1.2079934,,-1.8180109,,-0.46535492
373,2171,7Networks_RH_Default_Temp_5,209.0,61.0,81.0,0.0,63.0,-23.0,-7.0,Default,RH,1.0,0.010764788836240768,-0.04205667899389352,,,0.7592813,0.17588685640762114,,,0.39843172,,-0.63834614,,0.5784049,,-1.8089026,,-0.6571412
374,2172,7Networks_RH_Default_Temp_6,209.0,61.0,82.0,0.0,49.0,-20.0,-8.0,Default,RH,1.0,-0.040290992707014084,-0.04205667899389352,,,0.50764495,-0.8254050049120567,,,0.48107406,,-0.6345643,,0.78448915,,-1.6393094,,-1.1972418
375,2173,7Networks_RH_Default_Temp_7,209.0,61.0,83.0,0.0,63.0,-38.0,0.0,Default,RH,1.0,-0.10957888513803482,-0.04205667899389352,,,0.118492246,0.09765123112731904,,,0.22099905,,-0.5093271,,-0.11102718,,-1.6345125,,-0.23070374
376,2174,7Networks_RH_Default_Temp_8,209.0,61.0,84.0,0.0,50.0,-33.0,2.0,Default,RH,1.0,0.3055274486541748,-0.04205667899389352,,,0.7516984,-0.5988595690870018,,,0.5052469,,-0.6405559,,0.82123053,,-1.6380945,,-0.84255195
377,2175,7Networks_RH_Default_PFCv_1,209.0,61.0,78.0,0.0,35.0,23.0,-18.0,Default,RH,1.0,-0.10946844518184662,-0.04205667899389352,,,-1.1042631,0.1356201754063541,,,-0.76364976,,-1.5345439,,0.16346262,,-0.8669055,,0.68766105
378,2176,7Networks_RH_Default_PFCv_2,209.0,62.0,77.0,0.0,35.0,38.0,-13.0,Default,RH,1.0,0.06263858824968338,-0.04205667899389352,,,-2.009082,-0.18081420809274718,,,-1.4461063,,-1.5556395,,-0.4528236,,-0.54428256,,0.0375513
379,2177,7Networks_RH_Default_PFCv_3,209.0,62.0,82.0,0.0,48.0,32.0,-8.0,Default,RH,1.0,-0.09474103897809982,-0.04205667899389352,,,-0.36782813,0.4671938838627479,,,-1.4089644,,-1.19969,,-0.0015123407,,-0.8994788,,0.81885445
380,2178,7Networks_RH_Default_PFCv_4,209.0,62.0,83.0,0.0,54.0,24.0,6.0,Default,RH,1.0,0.006821796763688326,-0.04205667899389352,,,-0.15451506,-0.06903922754797422,,,-1.5588793,,-0.6173126,,0.0904054,,-0.5409296,,0.84681576
381,2179,7Networks_RH_Default_PFCdPFCm_1,208.0,62.0,73.0,0.0,5.0,41.0,-11.0,Default,RH,1.0,-0.2877254784107208,-0.04205667899389352,,,-2.707452,-0.8941234531975827,,,-2.4195473,,-0.64653105,,-0.4317816,,0.2026423,,-0.32727104
382,2180,7Networks_RH_Default_PFCdPFCm_2,208.0,62.0,74.0,0.0,9.0,67.0,1.0,Default,RH,1.0,-0.2676848769187927,-0.04205667899389352,,,-2.5141819,-0.11141473547875994,,,-1.8182182,,-0.98021376,,-0.2402981,,0.068214305,,-0.21084441
383,2181,7Networks_RH_Default_PFCdPFCm_3,208.0,62.0,75.0,0.0,7.0,42.0,4.0,Default,RH,1.0,-0.1684425324201584,-0.04205667899389352,,,-1.7345068,-1.113329132919197,,,-1.9700067,,-0.6658254,,0.41584632,,0.08579743,,0.028729409
384,2182,7Networks_RH_Default_PFCdPFCm_4,208.0,62.0,76.0,0.0,7.0,54.0,13.0,Default,RH,1.0,-0.18182528018951416,-0.04205667899389352,,,-2.1237357,-0.45956377461579245,,,-2.0460231,,-0.7640394,,0.14765607,,0.039242208,,0.36869007
385,2183,7Networks_RH_Default_PFCdPFCm_5,208.0,62.0,77.0,0.0,17.0,65.0,16.0,Default,RH,1.0,-0.3074902892112732,-0.04205667899389352,,,-1.446085,-0.3679325294399982,,,-2.0815852,,-0.78073496,,-0.101209894,,-0.10380347,,0.5392491
386,2184,7Networks_RH_Default_PFCdPFCm_6,208.0,62.0,79.0,0.0,6.0,25.0,18.0,Default,RH,1.0,-0.1468823105096817,-0.04205667899389352,,,-2.3571029,-0.8950410606419874,,,-1.9833671,,-0.22953394,,0.30367717,,0.45869288,,0.37866065
387,2185,7Networks_RH_Default_PFCdPFCm_7,208.0,62.0,80.0,0.0,6.0,58.0,29.0,Default,RH,1.0,-0.21998043358325958,-0.04205667899389352,,,-0.9732794,-0.04127720515644242,,,-1.8898183,,-0.7425147,,-0.12240401,,0.10266523,,0.101288624
388,2186,7Networks_RH_Default_PFCdPFCm_8,208.0,62.0,81.0,0.0,16.0,52.0,36.0,Default,RH,1.0,-0.27318477630615234,-0.04205667899389352,,,-0.891162,-0.48539406243226046,,,-1.7516859,,-0.46888825,,0.47367138,,-0.32089218,,0.7424944
389,2187,7Networks_RH_Default_PFCdPFCm_9,208.0,62.0,82.0,0.0,5.0,44.0,40.0,Default,RH,1.0,-0.020321983844041824,-0.04205667899389352,,,-0.9973892,-0.14166518082904606,,,-1.8176721,,-0.31588677,,0.325272,,0.14092016,,0.5644608
390,2188,7Networks_RH_Default_PFCdPFCm_10,208.0,62.0,83.0,0.0,26.0,34.0,39.0,Default,RH,1.0,-0.062348317354917526,-0.04205667899389352,,,-0.56984603,-0.4474841445865155,,,-1.1804591,,0.385585,,0.489725,,-0.59980965,,1.3087156
391,2189,7Networks_RH_Default_PFCdPFCm_11,208.0,62.0,84.0,0.0,14.0,39.0,52.0,Default,RH,1.0,-0.15391883254051208,-0.04205667899389352,,,-0.7445851,0.5948284880202609,,,-1.4573385,,0.09756696,,0.6730093,,-0.10275288,,0.95922214
392,2190,7Networks_RH_Default_PFCdPFCm_12,208.0,62.0,85.0,0.0,24.0,26.0,51.0,Default,RH,1.0,0.07967173308134079,-0.04205667899389352,,,-0.22068222,-0.30109758335134523,,,-1.0509704,,0.86444587,,0.90328085,,-0.6525558,,1.6789824
393,2191,7Networks_RH_Default_PFCdPFCm_13,208.0,63.0,78.0,0.0,12.0,20.0,63.0,Default,RH,1.0,0.05363934487104416,-0.04205667899389352,,,-0.19784449,1.0966023419429394,,,-1.3111172,,0.867682,,0.5085687,,-0.15794495,,1.2145513
394,2192,7Networks_RH_Default_pCunPCC_1,208.0,62.0,78.0,0.0,12.0,-55.0,15.0,Default,RH,1.0,-0.04646020755171776,-0.04205667899389352,,,1.4649293,0.25243862149765717,,,0.19996966,,-1.3882229,,1.0536708,,-2.3827024,,-0.2469648
395,2193,7Networks_RH_Default_pCunPCC_2,208.0,63.0,77.0,0.0,7.0,-44.0,20.0,Default,RH,1.0,0.07015127688646317,-0.04205667899389352,,,0.8158555,0.024923170738767556,,,0.056805905,,-1.0492718,,1.3270773,,-2.0575554,,-0.3579369
396,2194,7Networks_RH_Default_pCunPCC_3,208.0,63.0,79.0,0.0,17.0,-63.0,28.0,Default,RH,1.0,0.41008931398391724,-0.04205667899389352,,,1.3261622,1.0995979590936948,,,0.8672971,,-1.031598,,-0.15661676,,-2.4463596,,-0.9406688
397,2195,7Networks_RH_Default_pCunPCC_4,208.0,63.0,80.0,0.0,6.0,-52.0,23.0,Default,RH,1.0,0.03237290680408478,-0.04205667899389352,,,0.71193534,0.027700705794694882,,,0.06739012,,-0.93769974,,1.6341558,,-1.1749889,,-0.4472593
398,2196,7Networks_RH_Default_pCunPCC_5,208.0,63.0,81.0,0.0,5.0,-63.0,31.0,Default,RH,1.0,0.27304571866989136,-0.04205667899389352,,,1.1149691,0.6094991425346072,,,0.3520741,,-0.66962695,,0.7556528,,-0.9339,,-0.30964625
399,2197,7Networks_RH_Default_pCunPCC_6,208.0,63.0,82.0,0.0,7.0,-39.0,35.0,Default,RH,1.0,0.08865818381309509,-0.04205667899389352,,,0.35302958,-0.3226931626633025,,,0.022166256,,0.12966573,,2.2454276,,0.321092,,0.35943386
400,2198,7Networks_RH_Default_pCunPCC_7,208.0,63.0,83.0,0.0,4.0,-20.0,37.0,Default,RH,1.0,-0.06885859370231628,-0.04205667899389352,,,-0.26774386,-0.7613759337283921,,,-0.9201436,,1.0449028,,1.9661568,,0.74477154,,1.5065787
401,2199,7Networks_RH_Default_pCunPCC_8,208.0,63.0,84.0,0.0,10.0,-53.0,35.0,Default,RH,1.0,0.11676069349050522,-0.04205667899389352,,,0.30402404,0.30552449444552515,,,0.10637831,,-0.44628143,,0.54690105,,0.69044596,,-0.20729879
402,2200,7Networks_RH_Default_pCunPCC_9,208.0,64.0,77.0,0.0,7.0,-50.0,45.0,Default,RH,1.0,-0.02783619612455368,-0.04205667899389352,,,0.34964645,0.9436845557053462,,,0.2076195,,0.47722328,,1.4734861,,0.85354567,,0.31214496
