roi,mics,label,R,G,B,A,coor.x,coor.y,coor.z,network,hemisphere,network_int,fc_g1,t1_gradient1_Limbic,quantile_idx,Limbic_diff,t1_gradient1_Default,Default_diff,t1_gradient1_Cont,Cont_diff,t1_gradient1_SalVentAttn,SalVentAttn_diff,t1_gradient1_DorsAttn,DorsAttn_diff,t1_gradient1_Vis,Vis_diff,t1_gradient1_SomMot,SomMot_diff
1,1000,medial_wall,,,,,,,,medial_wall,,7.0,,,,,,,,,,,,,,,,
2,1001,7Networks_LH_Vis_1,120.0,17.0,128.0,0.0,-33.0,-42.0,-21.0,Vis,LH,6.0,1.576557644268838,,,1.8393846132977054,,-0.5614481173542896,,0.27029003778358474,,-0.5907003558773901,,-1.5931546428731131,-0.5941017643227257,,,0.03749809546591261
3,1002,7Networks_LH_Vis_2,120.0,17.0,129.0,0.0,-30.0,-33.0,-18.0,Vis,LH,6.0,-2.3363720772991154,,,1.768790913541561,,0.11295308508191129,,0.14856112570906224,,-0.07476514564892964,,-1.1230761520522592,-1.5823850018683,,,0.007185144016154114
4,1003,7Networks_LH_Vis_3,120.0,17.0,130.0,0.0,-36.0,-62.0,-17.0,Vis,LH,6.0,2.7305943764722898,,,1.3619734875964755,,-0.6295318696856314,,0.20241919749227424,,-0.7804314874667926,,-1.640289782385847,-0.16483733601354397,,,0.14566504940254477
5,1004,7Networks_LH_Vis_4,120.0,17.0,131.0,0.0,-24.0,-55.0,-8.0,Vis,LH,6.0,2.48658337639304,,,1.417191670104831,,-0.09249040583790508,,0.21225368134273165,,-0.2766099390579725,,-1.3196200139706307,-0.4636259481783417,,,0.2286122663292214
6,1005,7Networks_LH_Vis_5,120.0,17.0,132.0,0.0,-23.0,-73.0,-10.0,Vis,LH,6.0,2.8120351678242375,,,0.9324098057540513,,-0.7114329104975372,,-0.5055085331734988,,-0.9204851838986088,,-2.44134911041784,-0.04010989249703719,,,0.1876997297866881
7,1006,7Networks_LH_Vis_6,120.0,17.0,133.0,0.0,-36.0,-81.0,-16.0,Vis,LH,6.0,2.5907772916827905,,,0.6131815662979627,,-0.984260859526652,,-0.4129632947824423,,-1.1481161237388477,,-1.9495300701232074,-0.2956728183929619,,,0.09359893703313495
8,1007,7Networks_LH_Vis_7,120.0,17.0,134.0,0.0,-18.0,-37.0,-12.0,Vis,LH,6.0,,,,2.1106573014039247,,0.8815449905828172,,0.656002065863774,,0.06765995676503697,,-0.9569122107664481,-0.3363301441325543,,,0.5673887433170479
9,1008,7Networks_LH_Vis_8,120.0,18.0,127.0,0.0,-45.0,-70.0,-8.0,Vis,LH,6.0,2.5038948869183115,,,0.8865000743127159,,-0.9510039284020375,,0.2712412269594347,,-1.0479515780181201,,-1.6145863168051193,-1.1728112789510747,,,-0.05604217246283053
10,1009,7Networks_LH_Vis_9,120.0,18.0,128.0,0.0,-17.0,-86.0,-15.0,Vis,LH,6.0,2.6023768498788513,,,0.6868995794040776,,-1.011450513582835,,-0.6568065161621253,,-1.0438735955139888,,-2.392444472158894,-0.07732012808234959,,,0.15795620729966509
11,1010,7Networks_LH_Vis_10,120.0,18.0,129.0,0.0,-12.0,-62.0,-5.0,Vis,LH,6.0,2.758836498669339,,,1.1882434771744599,,-0.4307977746419362,,0.08059379349462448,,-0.5085240929478272,,-1.8409977701498677,0.569923237435919,,,0.3804077595701162
12,1011,7Networks_LH_Vis_11,120.0,18.0,130.0,0.0,-7.0,-76.0,-6.0,Vis,LH,6.0,2.7437505830501276,,,0.9197868701933013,,-0.7286348569192406,,-0.6726139188327467,,-0.6867748008345351,,-1.9829087154721856,0.7287101101541476,,,0.2386407078964857
13,1012,7Networks_LH_Vis_12,120.0,18.0,131.0,0.0,-24.0,-97.0,-12.0,Vis,LH,6.0,0.3419457394418051,,,0.5079478414127531,,-1.0006868152781632,,-0.23974467513802913,,-0.8145624632090208,,-2.227634163726495,-0.4996911200804469,,,0.23086373308781766
14,1013,7Networks_LH_Vis_13,120.0,18.0,132.0,0.0,-13.0,-43.0,-5.0,Vis,LH,6.0,,,,1.6981689499976198,,0.9717254568264085,,0.6887475641440692,,-0.1787767278310877,,-1.1845926370900446,0.19691794751647695,,,-0.06533505592401696
15,1014,7Networks_LH_Vis_14,120.0,18.0,133.0,0.0,-41.0,-87.0,-3.0,Vis,LH,6.0,2.5408468721023367,,,0.7287879339634574,,-0.9019200591584818,,-0.07582644582048562,,-0.7666894616168796,,-2.6614581837195503,-0.5228975282854369,,,0.26476487431669843
16,1015,7Networks_LH_Vis_15,120.0,18.0,135.0,0.0,-7.0,-98.0,-7.0,Vis,LH,6.0,2.0917113938584055,,,0.5715509638817474,,-0.8131201672432389,,-0.5725690791777821,,-0.625853836492087,,-1.3354618661796578,0.6290842408360193,,,0.012650498682020813
17,1016,7Networks_LH_Vis_16,120.0,18.0,136.0,0.0,-14.0,-57.0,1.0,Vis,LH,6.0,2.526517686306356,,,1.6676003905691614,,0.005401201214793005,,0.3599907135729816,,-0.41238334109657715,,-1.4012506183837166,0.01272489976840373,,,0.23519430827201618
18,1017,7Networks_LH_Vis_17,120.0,18.0,137.0,0.0,-46.0,-73.0,6.0,Vis,LH,6.0,3.051843552935137,,,0.5952603431154498,,-1.065054893450836,,0.22263495461983446,,-1.3563131870892942,,-1.5908713753558763,-0.49644848423782767,,,-0.13160760521470585
19,1018,7Networks_LH_Vis_18,120.0,18.0,138.0,0.0,-5.0,-88.0,2.0,Vis,LH,6.0,2.653162783744069,,,0.7808198008827505,,-0.810575492680127,,-0.614251246932635,,-0.8819656727312064,,-2.139897343671437,1.31678389068782,,,0.04127489405499596
20,1019,7Networks_LH_Vis_19,120.0,18.0,139.0,0.0,-24.0,-96.0,6.0,Vis,LH,6.0,2.49247761723144,,,0.4153954403363346,,-0.9225749082874912,,-0.20655180416395325,,-0.6997813320235434,,-2.075647384073944,-0.47444037665760874,,,0.15838042747883496
21,1020,7Networks_LH_Vis_20,120.0,18.0,140.0,0.0,-13.0,-49.0,4.0,Vis,LH,6.0,,,,0.9629201214127764,,1.0992620177405892,,0.8173494555016836,,0.05292398256301428,,-1.0836648746951631,0.289677318676153,,,0.10766909703016947
22,1021,7Networks_LH_Vis_21,120.0,18.0,141.0,0.0,-7.0,-74.0,9.0,Vis,LH,6.0,2.6543035790843983,,,1.0294878175527526,,-0.6321971271473683,,-0.06878192182538792,,-0.8135004053504792,,-1.895584485363836,1.1993150472359608,,,0.1351195012226911
23,1022,7Networks_LH_Vis_22,120.0,19.0,134.0,0.0,-19.0,-65.0,7.0,Vis,LH,6.0,2.5179365435990264,,,1.1913629996090118,,-0.3639755742961297,,0.4616283670543854,,-0.579437788680181,,-1.865181889778046,0.818087257125687,,,0.13057348680236072
24,1023,7Networks_LH_Vis_23,120.0,19.0,135.0,0.0,-39.0,-84.0,14.0,Vis,LH,6.0,2.457473783759437,,,0.7037521680951715,,-0.9559381647419855,,0.6752119786484395,,-0.8836550115899385,,-1.4924345311092484,-0.7416529522124744,,,-0.06894876024343892
25,1024,7Networks_LH_Vis_24,120.0,19.0,136.0,0.0,-11.0,-97.0,17.0,Vis,LH,6.0,2.8159566329470143,,,0.651604980712472,,-0.9299880945346173,,-0.04660989224275978,,-1.0328594842263492,,-1.290704435816688,-0.036658850319963195,,,-0.16469872643611022
26,1025,7Networks_LH_Vis_25,120.0,19.0,137.0,0.0,-3.0,-84.0,24.0,Vis,LH,6.0,2.8021908856789484,,,0.9698454835437242,,-0.8463824482261838,,0.15152797471940718,,-1.1336484882080193,,-1.0719615832354898,0.4121944056975354,,,-0.05113541290329966
27,1026,7Networks_LH_Vis_26,120.0,19.0,138.0,0.0,-12.0,-71.0,20.0,Vis,LH,6.0,2.3765139382232987,,,1.3730208201649898,,-0.011160022063342679,,0.8986340954009935,,-0.3808922347957768,,-1.2366566463820887,0.9016119761820601,,,0.31980560011464376
28,1027,7Networks_LH_Vis_27,120.0,19.0,139.0,0.0,-25.0,-85.0,21.0,Vis,LH,6.0,2.7362549083086267,,,0.594571435297178,,-0.8432836297506843,,0.8979572687678283,,-0.7568391533873132,,-1.2209269309419104,-0.5197382150139055,,,0.03855426644285464
29,1028,7Networks_LH_Vis_28,120.0,19.0,140.0,0.0,-32.0,-84.0,27.0,Vis,LH,6.0,0.6664528153431258,,,0.6616127498495596,,-0.7045603105793403,,1.432444994461684,,-0.35661514007944023,,-1.0781637453372557,1.269436336383627,,,0.08455358545472691
30,1029,7Networks_LH_Vis_29,120.0,19.0,141.0,0.0,-16.0,-89.0,33.0,Vis,LH,6.0,2.840134275576867,,,0.8712645193135634,,-0.678766892839224,,0.731517903739624,,-0.940519603292597,,-1.005342987764326,0.21745949024813685,,,-0.14111211634815432
31,1030,7Networks_LH_Vis_30,120.0,20.0,134.0,0.0,-12.0,-81.0,36.0,Vis,LH,6.0,2.3878934826434604,,,1.2521353226165242,,-0.3959321081282899,,1.380323385517363,,-0.31506837261119636,,-0.7853821770476507,1.6819836177898662,,,0.11679415383409777
32,1031,7Networks_LH_Vis_31,120.0,20.0,135.0,0.0,-21.0,-79.0,45.0,Vis,LH,6.0,1.885531170989675,,,0.9753894193190658,,-0.5598554962394034,,1.950972419313189,,-0.10776474332614602,,-0.7194622476245648,-0.6315961544850466,,,0.10012194645098452
33,1032,7Networks_LH_SomMot_1,70.0,128.0,179.0,0.0,-50.0,-9.0,0.0,SomMot,LH,5.0,4.4750721043503265,,1.0,0.21614484922939803,,-0.40976320369974684,,0.9971007785004025,,0.1747819879275138,,0.43577066381721163,,0.4210522143629887,0.5670776238665347,
34,1033,7Networks_LH_SomMot_2,70.0,128.0,180.0,0.0,-56.0,-22.0,8.0,SomMot,LH,5.0,4.622707338874449,,,0.30352934950761074,,-0.6871995971840891,,0.4436240732504252,,0.2171057426683002,,0.6060534281317832,,0.2443220635016508,-0.2569050841317527,
35,1034,7Networks_LH_SomMot_3,70.0,129.0,173.0,0.0,-36.0,-24.0,10.0,SomMot,LH,5.0,4.814719957093621,,-1.0,0.0940791278235723,,-0.2251794489024243,,0.7540422727555209,,0.0755319119823401,,0.8393903292038573,,0.3294902637585834,-0.8680333854155451,
36,1035,7Networks_LH_SomMot_4,70.0,129.0,174.0,0.0,-38.0,-9.0,13.0,SomMot,LH,5.0,5.327627944139943,,-1.0,-0.11729778030027455,,-0.5080878473864459,,-0.28815295509966427,,0.42704320595228057,,0.610952330584834,,0.2301412212363206,-0.742385225199158,
37,1036,7Networks_LH_SomMot_5,70.0,129.0,175.0,0.0,-36.0,-26.0,19.0,SomMot,LH,5.0,5.26815937753307,,-1.0,0.6661507934164063,,-0.7808520167041525,,-0.630997303687181,,-0.8047328097380191,,0.49918034531601146,,0.9866495979152801,-0.7290895546610883,
38,1037,7Networks_LH_SomMot_6,70.0,129.0,176.0,0.0,-59.0,-37.0,16.0,SomMot,LH,5.0,4.432851917703776,,-1.0,0.20064122450487767,,-1.3684768481250975,,-0.3462018056396554,,-0.30620210187695873,,0.5919249444883424,,0.12272654816859954,-0.7378726192062329,
39,1038,7Networks_LH_SomMot_7,70.0,129.0,177.0,0.0,-41.0,-35.0,14.0,SomMot,LH,5.0,4.798923092959882,,-1.0,-0.022261954430962665,,-0.5357278386709087,,-0.3532144518381662,,-0.06918122943550718,,0.8804912961139318,,0.5631756994395715,-0.7729118317114522,
40,1039,7Networks_LH_SomMot_8,70.0,129.0,178.0,0.0,-49.0,-13.0,14.0,SomMot,LH,5.0,5.498249730368333,,,0.6238127078183129,,-0.7730412299485767,,-0.15035796870928914,,-0.7624071787939745,,0.338230915473018,,0.6733125262876302,-0.010823345266811191,
41,1040,7Networks_LH_SomMot_9,70.0,129.0,179.0,0.0,-60.0,-2.0,11.0,SomMot,LH,5.0,5.091675732040469,,,0.12308227915463342,,-0.44355902684186294,,-0.6831649192269836,,0.3821931048164669,,0.590532891583373,,0.18832267017493184,-0.3527317089016557,
42,1041,7Networks_LH_SomMot_10,70.0,129.0,180.0,0.0,-48.0,-24.0,18.0,SomMot,LH,5.0,5.447143994252564,,,0.42692058913336556,,-1.0065113180646903,,-0.13618349053593634,,-0.5161173907645266,,0.5816456293741595,,0.8602396762809138,-0.11454836329363492,
43,1042,7Networks_LH_SomMot_11,70.0,130.0,173.0,0.0,-61.0,-18.0,19.0,SomMot,LH,5.0,4.936715553174678,,-1.0,0.4806333128671017,,-0.8608495538612194,,0.20962799209694002,,-0.4560672823703668,,0.4142725840845467,,0.5855778535023716,-0.7046425094974592,
44,1043,7Networks_LH_SomMot_12,70.0,130.0,174.0,0.0,-59.0,-2.0,23.0,SomMot,LH,5.0,5.805945624776268,,-1.0,0.4918338933246255,,-0.9680768997040521,,-0.6478987699502275,,0.2343732936045944,,0.3625278473923888,,-0.49207489731256265,-0.6865397725114154,
45,1044,7Networks_LH_SomMot_13,70.0,130.0,175.0,0.0,-63.0,-10.0,31.0,SomMot,LH,5.0,5.799977458665277,,-1.0,0.6063351798528689,,-0.5788350244282646,,-0.1577174689855956,,-0.31382792068708276,,0.47785045152176536,,0.07845359021887621,-0.6548797620334265,
46,1045,7Networks_LH_SomMot_14,70.0,130.0,176.0,0.0,-53.0,-9.0,30.0,SomMot,LH,5.0,6.051853751081567,,,0.3325259180820017,,-0.7936471526070946,,-0.1281144267248895,,-1.2946214343789377,,-0.09478236662741792,,0.2025509515788288,-0.20064484959763723,
47,1046,7Networks_LH_SomMot_15,70.0,130.0,177.0,0.0,-55.0,-20.0,41.0,SomMot,LH,5.0,5.3196872865770946,,-1.0,0.5731307651385975,,-0.5879565574511063,,0.4293410722941928,,-0.16107767399313466,,0.1174024855912649,,-0.1950877935211447,-1.022759009007284,
48,1047,7Networks_LH_SomMot_16,70.0,130.0,178.0,0.0,-51.0,-7.0,43.0,SomMot,LH,5.0,5.229977866946357,,,0.5932616176511851,,-1.1114412318286702,,-0.4853453428309339,,0.4706689118616741,,0.17241829460128055,,-1.4953182849325803,-0.16509645419572488,
49,1048,7Networks_LH_SomMot_17,70.0,130.0,179.0,0.0,-48.0,-16.0,40.0,SomMot,LH,5.0,5.861938145595413,,,0.20105925486866666,,-0.09664809360674798,,-0.47511119674610564,,-0.25215583067951963,,0.19757146487684574,,0.03439274937374436,0.3872521689114321,
50,1049,7Networks_LH_SomMot_18,70.0,130.0,181.0,0.0,-8.0,-15.0,47.0,SomMot,LH,5.0,5.347571572546099,,1.0,-0.7369568959402958,,2.3175068194587287,,0.4869359984871154,,3.28327830726166,,1.9873481653888074,,0.42092197408770227,0.4496534485806247,
51,1050,7Networks_LH_SomMot_19,70.0,130.0,182.0,0.0,-41.0,-14.0,47.0,SomMot,LH,5.0,5.053400928771368,,,0.37659297008078546,,-0.5573211984772726,,-0.07963318726595997,,-0.49658238817205486,,0.09405533062061683,,-1.3987681743055893,-0.1780280086272806,
52,1051,7Networks_LH_SomMot_20,70.0,130.0,183.0,0.0,-49.0,-17.0,54.0,SomMot,LH,5.0,6.00497891200775,,1.0,0.397949276419068,,-0.1202441786764153,,-0.3127124542974527,,-1.04793914501507,,-0.006438035437642171,,-0.8814142609706114,1.2008568010191694,
53,1052,7Networks_LH_SomMot_21,70.0,130.0,184.0,0.0,-48.0,-29.0,58.0,SomMot,LH,5.0,5.941755413554474,,-1.0,0.44723594193156513,,-0.32731350855642966,,0.20232778620080158,,-1.1583348229869515,,-0.02338706599583252,,-1.5785530915008399,-0.894107234749905,
54,1053,7Networks_LH_SomMot_22,70.0,130.0,185.0,0.0,-39.0,-25.0,53.0,SomMot,LH,5.0,6.331198253681686,,,0.11150597953974452,,0.7574220636958306,,-0.4417954363214856,,-1.1214071959325682,,0.0522339012627611,,0.5033411355935664,-0.040916649202777766,
55,1054,7Networks_LH_SomMot_23,70.0,130.0,186.0,0.0,-9.0,-38.0,54.0,SomMot,LH,5.0,5.1736900556633865,,1.0,-0.3076247651066478,,1.0413933280503116,,0.5250542268789438,,2.5203927563249544,,1.3653081114340109,,1.1008773919258035,1.0329425456362447,
56,1055,7Networks_LH_SomMot_24,70.0,130.0,187.0,0.0,-4.0,-25.0,56.0,SomMot,LH,5.0,6.463036925080312,,1.0,-0.6662310716850041,,1.672247026758362,,0.22435338628092172,,2.3892376902158943,,1.757023615851247,,0.950983971709106,1.211285708319199,
57,1056,7Networks_LH_SomMot_25,70.0,131.0,180.0,0.0,-4.0,-9.0,59.0,SomMot,LH,5.0,5.502219211654435,,,-0.5251005589755291,,1.9191035554640574,,-0.11477113601194429,,2.7731569196418295,,2.0639645731158227,,0.6207059430834869,0.43550042705002345,
58,1057,7Networks_LH_SomMot_26,70.0,131.0,181.0,0.0,-36.0,-19.0,65.0,SomMot,LH,5.0,6.245478211563261,,1.0,0.15248095186342112,,0.4955442475904432,,-0.08342860468882667,,0.13078783308442984,,0.8545188585049598,,-1.0138578731945083,0.7087773938260022,
59,1058,7Networks_LH_SomMot_27,70.0,131.0,182.0,0.0,-30.0,-46.0,63.0,SomMot,LH,5.0,4.822412997631682,,,0.5918866419031528,,-0.25858093599452453,,1.6368646464285277,,0.04486975980416107,,0.4887212517164574,,-1.4303875440748093,0.14952250419066032,
60,1059,7Networks_LH_SomMot_28,70.0,131.0,183.0,0.0,-32.0,-29.0,63.0,SomMot,LH,5.0,6.40886327791171,,1.0,0.21740451297606347,,0.44121234648379815,,-0.12647255751881858,,-1.0544616320307498,,0.36725647780625714,,-0.10930907822039601,0.9927609238202791,
61,1060,7Networks_LH_SomMot_29,70.0,131.0,184.0,0.0,-30.0,-38.0,65.0,SomMot,LH,5.0,5.626048965882362,,,0.31862082196084296,,0.09800085961206573,,0.5261230154365625,,-0.7876465573301539,,0.45239064030366916,,-0.8194936141756225,-0.37311573193329783,
62,1061,7Networks_LH_SomMot_30,70.0,131.0,185.0,0.0,-23.0,-11.0,65.0,SomMot,LH,5.0,4.973565154578105,,,-0.3498579602752134,,0.8572915103517529,,-0.10068643660204467,,1.521904981732309,,1.5915319353538537,,-0.017676162467742042,0.11749553133836937,
63,1062,7Networks_LH_SomMot_31,70.0,131.0,186.0,0.0,-19.0,-24.0,67.0,SomMot,LH,5.0,6.321318852460366,,,0.0944873159642278,,0.8340918811673824,,0.064215692073255,,0.6578437822238243,,1.3755173400873517,,0.4684708865637191,0.07458049288094556,
64,1063,7Networks_LH_SomMot_32,70.0,131.0,187.0,0.0,-9.0,-42.0,70.0,SomMot,LH,5.0,5.846132034975088,,1.0,-0.09809105401961314,,0.9648510775175007,,0.5509417722441674,,1.5450371332358421,,1.360346525262924,,0.6602082748860336,0.738707127485794,
65,1064,7Networks_LH_SomMot_33,70.0,132.0,180.0,0.0,-4.0,-25.0,69.0,SomMot,LH,5.0,6.534990477533137,,1.0,-0.31767117623566427,,1.5543238514525712,,0.06662922158308666,,1.6918469612080211,,1.8302891969443382,,0.6661619535288082,1.1259407944703643,
66,1065,7Networks_LH_SomMot_34,70.0,132.0,181.0,0.0,-14.0,-11.0,73.0,SomMot,LH,5.0,5.728700392749495,,,-0.14817047182829,,1.1848608234553752,,-0.1611022371713228,,1.8981220991152123,,1.9858563369471907,,0.08936750938399508,0.13111095303373593,
67,1066,7Networks_LH_SomMot_35,70.0,132.0,182.0,0.0,-19.0,-31.0,69.0,SomMot,LH,5.0,6.314038395491506,,1.0,0.23962658647019977,,0.7442339400061984,,0.10435948301822244,,0.4075224857425798,,0.9951766615656343,,0.26338457348456373,1.147409912090057,
68,1067,7Networks_LH_SomMot_36,70.0,132.0,183.0,0.0,-19.0,-40.0,72.0,SomMot,LH,5.0,6.086983253472789,,,0.24902106645780675,,0.5860876150629476,,0.5993118143872219,,0.8256019657124328,,1.047706273152951,,0.11622165011378148,-0.6370730526808381,
69,1068,7Networks_LH_SomMot_37,70.0,132.0,184.0,0.0,-12.0,-27.0,73.0,SomMot,LH,5.0,6.59239179462636,,,-0.31657615080546425,,1.1283213742447347,,0.11985735015571,,1.2242911686888,,1.5615915480089377,,0.7836630472054362,0.21442270442837166,
70,1069,7Networks_LH_DorsAttn_Post_1,0.0,118.0,7.0,0.0,-45.0,-42.0,-21.0,DorsAttn,LH,2.0,1.608651000998986,,,1.7385105246829944,,-0.8857814961324313,,-0.20826011205766565,,-0.7305782007408809,-1.0076874543652998,,,-2.039405016167749,,-0.8338901244191784
71,1070,7Networks_LH_DorsAttn_Post_2,0.0,118.0,8.0,0.0,-49.0,-56.0,-15.0,DorsAttn,LH,2.0,0.03262679358921409,,,1.3311753011644516,,-0.8462114790864235,,-0.10734862805040389,,-0.7276701851993327,-0.8581216926993358,,,-2.60594398791515,,-0.8679423685403229
72,1071,7Networks_LH_DorsAttn_Post_3,0.0,118.0,9.0,0.0,-55.0,-62.0,-1.0,DorsAttn,LH,2.0,0.6251551463633531,,,0.8394412233553243,,-1.4508141814053128,,-0.2684759785370487,,-1.0128738959553045,-0.4422590205150905,,,-3.007036868687167,,-0.9298008118230708
73,1072,7Networks_LH_DorsAttn_Post_4,0.0,118.0,10.0,0.0,-48.0,-65.0,15.0,DorsAttn,LH,2.0,2.259999729150664,,,0.5599724151570616,,-1.6420774652414747,,0.013143250054456806,,-1.46473120708587,-0.34193171327008254,,,-3.556884927463082,,-0.6745356480581622
74,1073,7Networks_LH_DorsAttn_Post_5,0.0,118.0,11.0,0.0,-26.0,-70.0,31.0,DorsAttn,LH,2.0,0.8722712353457751,,,0.736865516026154,,-0.3445357723706402,,2.0631053460412616,,0.11748455268121195,-1.1371412951379944,,,-1.2183694725173395,,0.3156534110249302
75,1074,7Networks_LH_DorsAttn_Post_6,0.0,118.0,12.0,0.0,-55.0,-32.0,45.0,DorsAttn,LH,2.0,1.1642837280492881,,,0.4288884930482611,,-0.5952654483140744,,1.0364725146455438,,0.3383309894108102,0.6162640493341396,,,-0.3357070448748636,,-1.576169194479487
76,1075,7Networks_LH_DorsAttn_Post_7,0.0,118.0,13.0,0.0,-23.0,-65.0,46.0,DorsAttn,LH,2.0,-0.7575286944300216,,,0.5125273294205664,,-0.5962722903504912,,2.6949825100042575,,0.055058977220294854,-0.0406209810754953,,,-1.2562109154319199,,-0.2027448252776314
77,1076,7Networks_LH_DorsAttn_Post_8,0.0,118.0,15.0,0.0,-46.0,-29.0,44.0,DorsAttn,LH,2.0,4.5735687067278326,,,0.41011159240411427,,-0.07835988228477654,,0.9681903154208514,,0.44695852319806745,-0.7187915198635972,,,0.0002474004672030181,,-0.7777306112650352
78,1077,7Networks_LH_DorsAttn_Post_9,0.0,118.0,16.0,0.0,-33.0,-46.0,41.0,DorsAttn,LH,2.0,-1.2881826622384065,,,0.6174576484476899,,0.25399037704580857,,2.04764015862136,,-0.3852181271598432,-0.9395806698480099,,,-0.23465173045027257,,-0.7446926390817243
79,1078,7Networks_LH_DorsAttn_Post_10,0.0,118.0,17.0,0.0,-29.0,-58.0,50.0,DorsAttn,LH,2.0,-0.39771595066512594,,,0.3372130880245084,,-0.5838435618129166,,2.3501154521501912,,-0.09384110312661123,-0.1704345001635021,,,-1.108150657538458,,-0.41122831165323404
80,1079,7Networks_LH_DorsAttn_Post_11,0.0,118.0,18.0,0.0,-39.0,-37.0,49.0,DorsAttn,LH,2.0,3.8914113537511565,,,0.5830606892166049,,-0.3136229137224292,,1.4941667791461548,,-0.418344463365898,-0.03408078553244436,,,-1.4994579524684666,,-1.0049959614276605
81,1080,7Networks_LH_DorsAttn_Post_12,0.0,118.0,19.0,0.0,-36.0,-52.0,56.0,DorsAttn,LH,2.0,2.3623203754745843,,,0.5767726146003883,,-0.42983444673821336,,2.2430200023333584,,-0.13583346338890379,0.1271196625694988,,,-1.6817728057936725,,-0.7638215202531706
82,1081,7Networks_LH_DorsAttn_Post_13,0.0,118.0,20.0,0.0,-15.0,-71.0,57.0,DorsAttn,LH,2.0,0.8867310413140382,,,0.5847931566068423,,0.08802895643305797,,2.703901591425718,,1.4636638989512885,0.544897155165178,,,-1.2680552935456793,,0.5477821575036543
83,1082,7Networks_LH_DorsAttn_Post_14,0.0,118.0,21.0,0.0,-29.0,-61.0,62.0,DorsAttn,LH,2.0,2.8157962257774223,,,0.5758497338753488,,-0.41927466084158926,,2.3164640891348283,,0.5729661276525458,0.14341409932305077,,,-1.3800294919390887,,0.183674718005886
84,1083,7Networks_LH_DorsAttn_Post_15,0.0,119.0,14.0,0.0,-7.0,-59.0,63.0,DorsAttn,LH,2.0,1.4678309994483527,,,0.15873222801962586,,0.6408908517914916,,1.908653116361213,,2.23781031695406,0.8249138340706021,,,-0.45223416039031095,,1.1541987435047094
85,1084,7Networks_LH_DorsAttn_Post_16,0.0,119.0,15.0,0.0,-20.0,-57.0,66.0,DorsAttn,LH,2.0,3.6504352818337016,,,0.46494241692018135,,0.019112216969771428,,1.9662891537815157,,1.1349644794192681,0.8062826836003818,,,-0.865337960593599,,0.7328916020257432
86,1085,7Networks_LH_DorsAttn_Post_17,0.0,119.0,16.0,0.0,-13.0,-50.0,72.0,DorsAttn,LH,2.0,4.745172101976793,,,0.18052212535938378,,0.48544945783928783,,1.154073972053189,,1.74092231239022,0.4761271970104666,,,0.043601260074597956,,1.5835271133098061
87,1086,7Networks_LH_DorsAttn_FEF_1,0.0,118.0,22.0,0.0,-40.0,-3.0,51.0,DorsAttn,LH,2.0,2.1171019128760262,,,0.2049867330785611,,-0.2411595217855278,,-0.3055784195725813,,1.0893367897780066,0.7953540166029226,,,-1.2448357281593496,,0.8286776238252369
88,1087,7Networks_LH_DorsAttn_FEF_2,0.0,119.0,17.0,0.0,-25.0,-1.0,55.0,DorsAttn,LH,2.0,-1.7728608563092447,,,-0.17135048232362865,,0.5730467868420799,,0.10295749828088517,,2.4039898054088584,-0.044084097387182275,,,-0.7685250309540247,,1.2317980372478834
89,1088,7Networks_LH_DorsAttn_FEF_3,0.0,119.0,18.0,0.0,-30.0,-8.0,52.0,DorsAttn,LH,2.0,2.046651134167689,,,-0.45135002796652773,,0.6396855244374007,,-0.006022458868336067,,1.7685000094201884,0.4442450371911741,,,-0.9741382635714256,,1.2447082998778156
90,1089,7Networks_LH_DorsAttn_FEF_4,0.0,119.0,19.0,0.0,-21.0,5.0,65.0,DorsAttn,LH,2.0,-0.6161925261743382,,,-0.44387919223451777,,1.1464985967594186,,-0.2981757245876446,,1.7167137199758948,-0.1489063299965132,,,-0.13360903228233165,,1.2773790286096869
91,1090,7Networks_LH_DorsAttn_PrCv_1,0.0,119.0,20.0,0.0,-49.0,6.0,26.0,DorsAttn,LH,2.0,-0.05689954752869562,,,0.1496783758269895,,-0.3977091450853833,,-1.3878864133756168,,1.27811716149305,0.4032443749163313,,,-0.6792041963490395,,-0.6994696852742436
92,1091,7Networks_LH_DorsAttn_PrCv_2,0.0,119.0,21.0,0.0,-50.0,3.0,38.0,DorsAttn,LH,2.0,0.8718034908447422,,,0.30176194827632663,,-0.6763655140050018,,-1.3823749056715466,,1.2345555873970262,0.8594894731284556,,,-0.8013188740752517,,-0.3541760233629158
93,1092,7Networks_LH_SalVentAttn_ParOper_1,196.0,58.0,251.0,0.0,-55.0,-32.0,22.0,SalVentAttn,LH,4.0,3.700626437938984,,,0.45085176491897283,,-1.2554979100907495,,0.0905232197482601,0.0972647546626029,,,0.5379045411602561,,0.3162821147301273,,-1.8473173569190988
94,1093,7Networks_LH_SalVentAttn_ParOper_2,196.0,58.0,252.0,0.0,-58.0,-44.0,27.0,SalVentAttn,LH,4.0,0.10271697637494122,,,0.5571042113187391,,-1.440022699999823,,-0.2344365261649119,0.19506223387856103,,,0.396649134805299,,-0.03285281371352626,,-2.3129642735937024
95,1094,7Networks_LH_SalVentAttn_ParOper_3,196.0,58.0,253.0,0.0,-61.0,-23.0,33.0,SalVentAttn,LH,4.0,3.247329613010477,,,0.6361913278674888,,-0.8330055844706858,,0.6475189599885636,-0.23433782088496355,,,0.437071518646853,,0.13939867923872318,,-1.795549698029885
96,1095,7Networks_LH_SalVentAttn_ParOper_4,196.0,58.0,254.0,0.0,-61.0,-36.0,33.0,SalVentAttn,LH,4.0,0.8806968853187542,,,0.5183649863003587,,-1.156638974798418,,0.46973486916696944,-0.33409465297832575,,,0.5079904608173526,,-0.10227182050777624,,-1.8758466991721272
97,1096,7Networks_LH_SalVentAttn_TempOcc_1,196.0,58.0,255.0,0.0,-57.0,-54.0,10.0,SalVentAttn,LH,4.0,-0.4966621180542211,,,0.38868033266958846,,-2.1198288517644484,,-0.6102231002886312,-0.6090121100498813,,,-0.32727222144965296,,-0.5893971664099975,,-1.624767551039142
98,1097,7Networks_LH_SalVentAttn_FrOperIns_1,196.0,59.0,247.0,0.0,-44.0,5.0,-17.0,SalVentAttn,LH,4.0,2.661047046897041,,,-1.0877994061520146,,-0.7743276094128523,,-0.15243594017935402,0.5014432248965461,,,-0.4144360042996384,,0.8429668111396105,,-0.9647612292979842
99,1098,7Networks_LH_SalVentAttn_FrOperIns_2,196.0,59.0,248.0,0.0,-39.0,2.0,-4.0,SalVentAttn,LH,4.0,,,,-1.3054842246379388,,0.6852588405896822,,-0.7962487666010245,-0.7114213438012011,,,0.6506328320650221,,0.675471675044869,,-0.13644108214639297
100,1099,7Networks_LH_SalVentAttn_FrOperIns_3,196.0,59.0,249.0,0.0,-33.0,25.0,-1.0,SalVentAttn,LH,4.0,-2.7235563959383504,,,-0.9630491180447581,,0.3306295318789852,,-1.7179308242376854,-0.5975306499496872,,,0.05465517157252905,,0.5561965735857107,,-0.16819487655364976
101,1100,7Networks_LH_SalVentAttn_FrOperIns_4,196.0,59.0,251.0,0.0,-40.0,-15.0,-2.0,SalVentAttn,LH,4.0,3.419353461681813,,,-0.5237680586226071,,-0.08705933928553936,,1.0027501141075958,-0.6516920222211591,,,0.45702604284737663,,0.9551649849135588,,-0.5877064707832935
102,1101,7Networks_LH_SalVentAttn_FrOperIns_5,196.0,59.0,252.0,0.0,-33.0,19.0,8.0,SalVentAttn,LH,4.0,1.0417246224371817,,,-0.7009769757562454,,0.23454323072220803,,-1.4196090753438644,-0.3274932622197559,,,0.10631300186156947,,0.6607444117568235,,-0.3283023268885224
103,1102,7Networks_LH_SalVentAttn_FrOperIns_6,196.0,59.0,253.0,0.0,-36.0,4.0,11.0,SalVentAttn,LH,4.0,3.140299908565679,,,-0.5925881963155639,,0.38048508417804267,,-1.1071186994776148,-0.3401518534222663,,,0.48148769074265213,,0.8081071531477264,,-0.5164904051069612
104,1103,7Networks_LH_SalVentAttn_FrOperIns_7,196.0,59.0,254.0,0.0,-43.0,12.0,2.0,SalVentAttn,LH,4.0,-0.3715324844280966,,,-0.6089726751382362,,0.2909857125151175,,-1.3231544112283176,0.775576100443927,,,0.41054155227736305,,0.4582444470133454,,-0.6559993332371626
105,1104,7Networks_LH_SalVentAttn_FrOperIns_8,196.0,59.0,255.0,0.0,-50.0,1.0,5.0,SalVentAttn,LH,4.0,4.350386591010957,,,-0.12852982963982004,,-0.16388448368240502,,-0.7907304459547805,0.8834441529728367,,,0.515564937170723,,0.17952478264482397,,-1.2872179150589094
106,1105,7Networks_LH_SalVentAttn_FrOperIns_9,193.0,52.0,250.0,0.0,-52.0,9.0,13.0,SalVentAttn,LH,4.0,-1.0766500527177028,,,0.009220465104373018,,-0.3174218756825276,,-1.023680979103303,-0.4297786144578291,,,0.5013436580933778,,-0.29948868436402337,,-0.878060521096237
107,1106,7Networks_LH_SalVentAttn_PFCl_1,193.0,52.0,249.0,0.0,-29.0,43.0,30.0,SalVentAttn,LH,4.0,0.5592987709025921,,,-1.0295726155620664,,0.7625509052102631,,-1.2773687354482473,0.05700051330930478,,,0.5085724592714441,,0.197687110526291,,1.0525256874214812
108,1107,7Networks_LH_SalVentAttn_Med_1,197.0,58.0,248.0,0.0,-6.0,22.0,31.0,SalVentAttn,LH,4.0,1.7853952785009017,,,-1.3110041999361903,,2.865895120828828,,0.40013621151735596,-0.5236560425236527,,,0.7501933840781897,,1.0764564210419065,,1.576555872229142
109,1108,7Networks_LH_SalVentAttn_Med_2,197.0,58.0,249.0,0.0,-7.0,0.0,41.0,SalVentAttn,LH,4.0,4.510424748599564,,,-0.806292461179169,,2.9293537162860512,,0.2359929339541133,-0.06650624141057242,,,1.7111925724164738,,0.9806576525851469,,2.3455930358005053
110,1109,7Networks_LH_SalVentAttn_Med_3,197.0,58.0,251.0,0.0,-11.0,-27.0,41.0,SalVentAttn,LH,4.0,2.3798543907171537,,,-1.3476863633582197,,2.6994473905878626,,0.6701168999495093,-0.10108596212765548,,,1.5204793339089469,,0.4163068496598147,,2.7903846428785526
111,1110,7Networks_LH_SalVentAttn_Med_4,197.0,58.0,252.0,0.0,-5.0,9.0,48.0,SalVentAttn,LH,4.0,3.1135858391223667,,,-0.6711254022608328,,2.6011401641464005,,-0.45279823357239385,0.9029940167564253,,,1.6415027887001583,,0.8598243363271667,,1.863624812368648
112,1111,7Networks_LH_SalVentAttn_Med_5,197.0,58.0,253.0,0.0,-13.0,-41.0,47.0,SalVentAttn,LH,4.0,1.4276370190810221,,,-0.8054612903636201,,1.8902066216712872,,0.6380898799140925,0.4227048814632604,,,1.4390331045484914,,0.39972951475552154,,1.692316967760837
113,1112,7Networks_LH_SalVentAttn_Med_6,197.0,58.0,254.0,0.0,-6.0,-49.0,57.0,SalVentAttn,LH,4.0,2.279130494383407,,,-0.1707580255106336,,1.1137840713698866,,1.281374127705449,1.8067988966387394,,,1.077298992277474,,0.30478554035552086,,1.2342166620129706
114,1113,7Networks_LH_SalVentAttn_Med_7,197.0,58.0,255.0,0.0,-8.0,-3.0,71.0,SalVentAttn,LH,4.0,3.8712290166087917,,,-0.40131040987009253,,1.4404968669272813,,-0.07540047258082437,1.249498901838247,,,2.034730131119257,,0.08395450663765336,,1.7427126624841356
115,1114,7Networks_LH_Limbic_OFC_1,220.0,248.0,163.0,0.0,-12.0,25.0,-21.0,Limbic,LH,3.0,,-0.37119479730337235,,,,0.6005607020180684,,-1.4106697534749983,,-1.364481722235987,,-0.6792531095141427,,0.4210751491131541,,0.027923648224917576
116,1115,7Networks_LH_Limbic_OFC_2,220.0,248.0,165.0,0.0,-24.0,23.0,-20.0,Limbic,LH,3.0,,-0.4660482806875189,,,,0.7389953660153905,,-2.047575876798238,,-0.7586692692603566,,-0.4411420220352932,,0.477074266249199,,0.08136280136673
117,1116,7Networks_LH_Limbic_OFC_3,220.0,248.0,166.0,0.0,-10.0,47.0,-21.0,Limbic,LH,3.0,-7.1381448500097004,-0.02819169052398435,,,,1.301201509658554,,-1.7259123160384606,,-0.5819712104171858,,-0.31728822220721026,,0.5299779340905205,,0.11536248093054205
118,1117,7Networks_LH_Limbic_OFC_4,220.0,248.0,167.0,0.0,-4.0,23.0,-19.0,Limbic,LH,3.0,,-0.2866935012514017,,,,1.1820603849209967,,-0.8507275670346047,,-0.8341917424093895,,-0.35249083092823796,,0.54673175612622,,0.5383315385647055
119,1118,7Networks_LH_Limbic_OFC_5,220.0,248.0,168.0,0.0,-15.0,65.0,-8.0,Limbic,LH,3.0,-7.875199092955131,-0.33935306026030326,,,,1.3897735007758572,,-1.7833655745313493,,-0.15397703668109414,,0.10475294468706331,,0.4767923559641229,,0.46166599986094536
120,1119,7Networks_LH_Limbic_TempPole_1,220.0,248.0,164.0,0.0,-37.0,-5.0,-42.0,Limbic,LH,3.0,-3.8137299363759203,0.01619859067831094,,,,-1.0391021408812902,,-0.5158248592445476,,-1.0237087632082005,,-0.890279845642268,,-0.5132759269438725,,-0.7738532194944866
121,1120,7Networks_LH_Limbic_TempPole_2,220.0,248.0,169.0,0.0,-25.0,6.0,-39.0,Limbic,LH,3.0,,0.09973009289925823,,,,0.35077334281136135,,-0.73155745622223,,-1.5508318071039242,,-0.7624799872191494,,-0.20885124300749877,,-0.027373665308154018
122,1121,7Networks_LH_Limbic_TempPole_3,220.0,248.0,170.0,0.0,-26.0,-9.0,-33.0,Limbic,LH,3.0,,0.33726944641541534,,,,0.14706533000582328,,-0.3442915070391478,,-1.1282295959566662,,-1.96299765841487,,-0.16983732340601687,,0.16037385079520658
123,1122,7Networks_LH_Limbic_TempPole_4,220.0,248.0,171.0,0.0,-54.0,-21.0,-31.0,Limbic,LH,3.0,-5.47825914943374,0.48750534272991974,,,,-1.4209681773219434,,-0.4352302117801469,,-0.7279468983321296,,-0.8448730244084429,,0.07489036846732396,,-1.3704599347385957
124,1123,7Networks_LH_Limbic_TempPole_5,220.0,248.0,172.0,0.0,-40.0,-21.0,-27.0,Limbic,LH,3.0,-2.8342636491157154,0.0811261722063504,,,,-0.7815470164926647,,-0.24809503626509866,,-0.678905456426835,,-1.4047912604364874,,-0.9767281826883107,,-0.5122419166041118
125,1124,7Networks_LH_Limbic_TempPole_6,220.0,249.0,165.0,0.0,-44.0,13.0,-34.0,Limbic,LH,3.0,-7.6677269564248,0.5418636112721228,,,,-0.8137841473788797,,-0.8096958662220702,,-0.99694130279266,,-0.5432204703447773,,0.19653533459967992,,-0.6545918140286252
126,1125,7Networks_LH_Limbic_TempPole_7,220.0,249.0,166.0,0.0,-32.0,12.0,-29.0,Limbic,LH,3.0,-2.392095231786175,-0.6795623904842273,,,,0.22149453207720973,,-1.1242225431243817,,-1.0976116884957745,,-0.5480516982217738,,0.09385405586273418,,-0.14138198823779394
127,1126,7Networks_LH_Limbic_TempPole_8,220.0,249.0,167.0,0.0,-21.0,-21.0,-26.0,Limbic,LH,3.0,,1.0538143017032302,,,,0.8067627736698194,,0.7777632021242964,,0.38596996101148,,-0.2868018103580573,,1.0842922558724983,,0.6331076846505801
128,1127,7Networks_LH_Cont_Par_1,230.0,148.0,33.0,0.0,-29.0,-74.0,42.0,Cont,LH,0.0,-4.676718536337428,,,0.3831160932237246,,-0.6010582399358079,1.6543503080822708,,,-0.05439508981599014,,-0.4794657013558696,,-1.4505157997440898,,0.06785216083551046
129,1128,7Networks_LH_Cont_Par_2,230.0,148.0,35.0,0.0,-58.0,-42.0,45.0,Cont,LH,0.0,-2.5624317336882245,,,0.536104793509744,,-1.056479321384957,-0.3277831084633174,,,-0.00597314195567237,,0.49258368259335955,,-0.5184300572043331,,-1.8798035943958435
130,1129,7Networks_LH_Cont_Par_3,230.0,148.0,36.0,0.0,-53.0,-50.0,45.0,Cont,LH,0.0,-6.674119311648284,,,0.6628721632099162,,-1.188970853041021,-0.2977301364351064,,,-0.3951822619244539,,0.2403080029933963,,-1.3002115458901544,,-1.3323271864595647
131,1130,7Networks_LH_Cont_Par_4,230.0,148.0,37.0,0.0,-35.0,-62.0,48.0,Cont,LH,0.0,-5.263402921947767,,,0.28032038615492455,,-0.6666249423371076,0.44111454147042295,,,-0.0714513150071627,,0.039616855188971276,,-1.5372806437616033,,-0.4061285749508052
132,1131,7Networks_LH_Cont_Par_5,230.0,148.0,38.0,0.0,-42.0,-52.0,49.0,Cont,LH,0.0,-5.173786503750438,,,0.21753440372201616,,-0.2746214082038877,1.1276198327435252,,,-1.0113163981483595,,0.6191243410310345,,-0.5754621936322627,,-0.545145641360503
133,1132,7Networks_LH_Cont_Par_6,230.0,148.0,39.0,0.0,-45.0,-41.0,47.0,Cont,LH,0.0,-3.077460173214161,,,0.39431487391649306,,-0.20605448178717464,1.2951390850782774,,,0.26878814880398544,,0.5527432440114093,,-0.9045221895248867,,-1.1861572337947548
134,1133,7Networks_LH_Cont_Temp_1,230.0,148.0,40.0,0.0,-60.0,-49.0,-10.0,Cont,LH,0.0,-5.575057352795051,,,0.8657397183711052,,-1.7160466743641165,-0.8299242499626205,,,-1.0010125868051278,,-0.7675269638831189,,-0.6186170069563403,,-1.611681510498744
135,1134,7Networks_LH_Cont_OFC_1,230.0,149.0,32.0,0.0,-27.0,49.0,-14.0,Cont,LH,0.0,-4.095478018683968,,,-2.988546201369849,,0.51343681916568,-0.3420402150044744,,,-0.6526239758824653,,-0.2521566133258009,,0.49083653624056656,,-0.1111761164762542
136,1135,7Networks_LH_Cont_PFCl_1,230.0,149.0,33.0,0.0,-42.0,49.0,-6.0,Cont,LH,0.0,-7.023933848273748,,,-2.525706588486438,,0.5783123881348771,-0.6724977773012791,,,-0.4997227169797838,,0.16720953866020305,,0.5458268188472171,,-0.21076982321230966
137,1136,7Networks_LH_Cont_PFCl_2,230.0,149.0,34.0,0.0,-48.0,35.0,10.0,Cont,LH,0.0,-3.55817744280481,,,-0.8710869981184505,,0.08870457357236684,-0.5793471219363154,,,-0.9085500580125817,,0.17397361426774519,,0.24635544428535538,,-0.28795969068790056
138,1137,7Networks_LH_Cont_PFCl_3,230.0,149.0,36.0,0.0,-38.0,49.0,11.0,Cont,LH,0.0,-4.208880611155163,,,-1.4138188963061553,,0.4434916199395576,-0.6049207264936064,,,-0.3748262366195125,,0.22708497011527187,,0.14871398640828687,,0.1933888815156496
139,1138,7Networks_LH_Cont_PFCl_4,230.0,149.0,37.0,0.0,-28.0,57.0,13.0,Cont,LH,0.0,-4.632769953172757,,,-1.6497937659719788,,1.1214621047943938,-0.23236731950837633,,,0.1516561566959167,,0.4784842646519235,,0.7349489588564513,,1.0390096632880417
140,1139,7Networks_LH_Cont_PFCl_5,230.0,149.0,38.0,0.0,-42.0,38.0,22.0,Cont,LH,0.0,-1.9350402663418702,,,-0.8684737278901483,,0.12200360173201202,-0.5668565525433042,,,-0.6483806335247195,,0.2523902197627606,,-0.1524654218434918,,0.18343493887807907
141,1140,7Networks_LH_Cont_PFCl_6,230.0,149.0,39.0,0.0,-45.0,20.0,27.0,Cont,LH,0.0,-4.962775007209749,,,-0.1764480672977047,,-0.35064532903271267,-0.22436261551928116,,,-0.33262431764602113,,0.21625056512530033,,-1.2300906728250336,,-0.23766601852179323
142,1141,7Networks_LH_Cont_PFCl_7,230.0,149.0,40.0,0.0,-39.0,7.0,34.0,Cont,LH,0.0,-4.791520302594671,,,0.07741506903244502,,-0.6069226759689773,-0.6348388805280805,,,0.14297349376434837,,0.031239995881779985,,-0.4445669094811845,,-0.5761993334723562
143,1142,7Networks_LH_Cont_PFCl_8,230.0,149.0,41.0,0.0,-36.0,32.0,38.0,Cont,LH,0.0,-2.442277187571546,,,-0.736619179935502,,0.32630560939614084,-0.3460459980161764,,,-0.05812458377234623,,0.4064718702703601,,-0.5067399783957823,,0.7038492312112894
144,1143,7Networks_LH_Cont_PFCv_1,231.0,148.0,36.0,0.0,-34.0,16.0,-8.0,Cont,LH,0.0,,,,-2.3600157209519406,,0.8431208677357734,-0.803263270357931,,,-0.4223171885695587,,-0.16035212488769995,,0.5754476289012547,,-0.0796395734845439
145,1144,7Networks_LH_Cont_pCun_1,231.0,149.0,35.0,0.0,-9.0,-77.0,45.0,Cont,LH,0.0,-2.1664134853262462,,,0.9508060561078296,,0.2395492330988875,1.108141105697122,,,0.8626318452666113,,-0.12658115404447062,,0.2929110576050954,,0.5273259363923647
146,1145,7Networks_LH_Cont_pCun_2,231.0,149.0,36.0,0.0,-5.0,-64.0,52.0,Cont,LH,0.0,-2.188317720408428,,,0.3668286418102061,,0.7724326710819615,1.4032185777346713,,,1.884727209706256,,0.4078935647151765,,-0.40988849415417644,,0.759224201336754
147,1146,7Networks_LH_Cont_Cing_1,231.0,149.0,37.0,0.0,-3.0,5.0,29.0,Cont,LH,0.0,,,,-1.248961865251389,,2.6315358292353177,-0.9861718035063642,,,2.4378563448644512,,1.496171273883654,,0.9681430872578547,,1.3868295537069548
148,1147,7Networks_LH_Cont_Cing_2,231.0,149.0,38.0,0.0,-4.0,-22.0,29.0,Cont,LH,0.0,,,,0.07738783602657733,,1.453235540949201,-0.4777194488087171,,,1.4394278169882413,,1.4735076699382696,,0.8844369536175947,,1.35769148845626
149,1148,7Networks_LH_Cont_PFCmp_1,230.0,148.0,34.0,0.0,-4.0,28.0,47.0,Cont,LH,0.0,-5.540879508492836,,,-1.0253033074832156,,2.296839270669399,1.0459931066734345,,,1.016947655908772,,1.024495780755447,,0.8046302634331223,,1.4492683777065785
150,1149,7Networks_LH_Default_Temp_1,205.0,62.0,72.0,0.0,-54.0,-2.0,-30.0,Default,LH,1.0,-8.248784208711,,,0.3948198897285769,-0.6044923880475287,,,-0.473372423815732,,-0.7912573132363098,,-0.39441248202759144,,0.5742651505016793,,-1.150243000522799
151,1150,7Networks_LH_Default_Temp_2,205.0,62.0,73.0,0.0,-62.0,-18.0,-21.0,Default,LH,1.0,-8.358430431012975,,,0.030025224100179534,-0.5049973500973761,,,-0.6304655957920505,,-0.8906498710932302,,-0.12536420113152744,,0.7846216552803164,,-1.7074897752893645
152,1151,7Networks_LH_Default_Temp_3,205.0,62.0,74.0,0.0,-60.0,-36.0,-18.0,Default,LH,1.0,-6.037531708516429,,,0.9596681618768426,-0.9086903245812958,,,-0.5323808212190179,,-0.8119004390692048,,-0.6727405629675164,,0.30308810845607304,,-1.8064306163831998
153,1152,7Networks_LH_Default_Temp_4,205.0,62.0,75.0,0.0,-57.0,-9.0,-14.0,Default,LH,1.0,-7.430937977256519,,,-0.08344193282372313,-0.832302780600363,,,-0.2863592368190047,,-0.6339891075760202,,0.025681449080226435,,0.8705493660630461,,-1.6743196547300612
154,1153,7Networks_LH_Default_Temp_5,205.0,62.0,76.0,0.0,-53.0,6.0,-11.0,Default,LH,1.0,1.0827710527046681,,,-0.2569163177756402,-0.2728588490252214,,,0.30188671691666374,,-0.2707655459870173,,0.08162187180730988,,0.8075174210248811,,-1.6183948555132912
155,1154,7Networks_LH_Default_Temp_6,205.0,62.0,77.0,0.0,-61.0,-35.0,-3.0,Default,LH,1.0,-7.759607487915597,,,0.2288753601448736,-0.8114445951023043,,,-0.5394214278259005,,-0.8137188992455575,,-0.011685727416277346,,0.5251199585790781,,-2.0839816129347914
156,1155,7Networks_LH_Default_Temp_7,205.0,62.0,78.0,0.0,-52.0,-22.0,-6.0,Default,LH,1.0,-5.061143601932913,,,0.24037698808705815,-1.2370390412657284,,,-0.12333465868964397,,-0.324631476907629,,0.19446199893973082,,0.7441342984709698,,-1.8624018484411864
157,1156,7Networks_LH_Default_Temp_8,205.0,62.0,80.0,0.0,-61.0,-13.0,-3.0,Default,LH,1.0,2.8340141219077895,,,0.196510327110345,-0.13840569654987298,,,0.391781031039036,,0.11056266241964985,,0.33962542549256475,,0.636394051037199,,-1.9620085942116994
158,1157,7Networks_LH_Default_Temp_9,205.0,62.0,81.0,0.0,-62.0,-32.0,5.0,Default,LH,1.0,2.666206601034259,,,0.20769643483910427,0.19298186498251652,,,-0.17521495707051907,,-0.34408389476406387,,0.39677414827187585,,0.3216183077356193,,-2.233066224143598
159,1158,7Networks_LH_Default_Temp_10,205.0,62.0,82.0,0.0,-52.0,-43.0,5.0,Default,LH,1.0,-1.9652858452768063,,,0.31975682760325075,-1.1162424818439292,,,-0.5779405591784065,,-0.9846006464005709,,-0.012519538187768428,,0.17462259194827173,,-1.7141507244655108
160,1159,7Networks_LH_Default_Par_1,205.0,62.0,83.0,0.0,-59.0,-49.0,16.0,Default,LH,1.0,1.1974392989364624,,,0.5790106875984696,0.23061710788945464,,,-0.488371093127689,,-0.9219804011370889,,-0.14779110779626561,,-0.07356012018464207,,-2.036664759461032
161,1160,7Networks_LH_Default_Par_2,205.0,62.0,84.0,0.0,-45.0,-58.0,21.0,Default,LH,1.0,-5.672480913919091,,,0.6116149708833346,-0.8826032021816559,,,-0.10798370466667007,,-1.6959096713534278,,-0.8865175676115244,,-1.77994058012581,,-0.3664057709663968
162,1161,7Networks_LH_Default_Par_3,205.0,62.0,85.0,0.0,-40.0,-79.0,30.0,Default,LH,1.0,-3.9924988408803843,,,0.5738530672825268,-0.4018029629482601,,,1.2073678710363849,,-0.8539601159549357,,-1.012509375439904,,-2.77302819122974,,-0.10006714182598578
163,1162,7Networks_LH_Default_Par_4,205.0,62.0,86.0,0.0,-47.0,-64.0,31.0,Default,LH,1.0,-8.325709132918393,,,0.7634725202016613,-0.4789380763373835,,,0.37989248137441073,,-1.5876829818323281,,-0.925340684338344,,-2.4715795951444153,,-0.562752982350221
164,1163,7Networks_LH_Default_Par_5,205.0,63.0,79.0,0.0,-57.0,-55.0,30.0,Default,LH,1.0,-7.399481153841864,,,0.73381915607688,-0.227643996709024,,,0.08619728226441545,,-1.092951557462045,,-0.42496830212871584,,-1.2111645895546517,,-1.8199567449598704
165,1164,7Networks_LH_Default_Par_6,205.0,63.0,80.0,0.0,-41.0,-72.0,43.0,Default,LH,1.0,-7.557193967414659,,,0.5666332929768604,-0.20812102815965858,,,1.589220761938638,,-0.5682308731045059,,-0.46268892814957324,,-2.159864484070195,,-0.1309168738917162
166,1165,7Networks_LH_Default_Par_7,205.0,63.0,81.0,0.0,-49.0,-60.0,47.0,Default,LH,1.0,-7.592594443307674,,,0.5854119328924303,0.09331006804002923,,,1.1388357333695762,,-0.8581317097588321,,-0.19200085161327624,,-2.4053543692261274,,-0.6172837830209478
167,1166,7Networks_LH_Default_PFC_1,205.0,63.0,71.0,0.0,-36.0,22.0,-16.0,Default,LH,1.0,,,,-2.6935020181428015,-0.1434665648058778,,,-2.020701132344438,,-0.808475863116671,,-0.03419630302158061,,0.4658199948838031,,-0.1325307411486102
168,1167,7Networks_LH_Default_PFC_2,205.0,63.0,72.0,0.0,-36.0,37.0,-13.0,Default,LH,1.0,-5.219392754268036,,,-3.043814983720127,0.6755841085138624,,,-2.0714827618252984,,-0.7064681890661414,,-0.4205313223600046,,0.5391423744699079,,-0.09529571210433006
169,1168,7Networks_LH_Default_PFC_3,205.0,63.0,73.0,0.0,-5.0,55.0,-10.0,Default,LH,1.0,-8.160464868228031,,,-2.783678660775227,0.9581305936161896,,,-1.2412524858002811,,-0.054769852020728274,,-0.5007701615942703,,0.5495465581204362,,0.41368548225654533
170,1169,7Networks_LH_Default_PFC_4,205.0,63.0,74.0,0.0,-6.0,35.0,-9.0,Default,LH,1.0,,,,-2.597136410987986,-0.4823319788821359,,,-0.4239521085197063,,0.13061147056176922,,-0.22837101315721356,,0.78705762838735,,0.9203141161945508
171,1170,7Networks_LH_Default_PFC_5,205.0,63.0,75.0,0.0,-46.0,32.0,-10.0,Default,LH,1.0,-7.8039384982165965,,,-2.3304211507103116,-0.3569271056141475,,,-2.118818014299247,,-0.8751682790739981,,0.044576531133893364,,0.5281381874708718,,-0.1868918337040752
172,1171,7Networks_LH_Default_PFC_6,205.0,63.0,76.0,0.0,-28.0,58.0,-1.0,Default,LH,1.0,-7.0232106972479995,,,-2.6202909949072843,-0.07018878598866404,,,-1.9482210864860672,,-0.24746707704843604,,0.2501204473217615,,0.5994531625715447,,0.43051936070086977
173,1172,7Networks_LH_Default_PFC_7,205.0,63.0,77.0,0.0,-48.0,28.0,0.0,Default,LH,1.0,-6.101162748732655,,,-1.0484513168658849,0.9109304431850666,,,-2.1073106379014592,,-1.0037730257846098,,0.15201507982731688,,0.587961387690423,,-0.3052354905005167
174,1173,7Networks_LH_Default_PFC_8,205.0,63.0,82.0,0.0,-6.0,59.0,7.0,Default,LH,1.0,-8.191327702695638,,,-2.2274627929896753,0.8504466320429738,,,-1.1618839261882707,,0.2944027893288309,,0.0555189060779433,,0.7424512106107368,,0.9382209870086773
175,1174,7Networks_LH_Default_PFC_9,205.0,63.0,83.0,0.0,-6.0,45.0,6.0,Default,LH,1.0,,,,-2.3384424017559735,-0.3966349824781239,,,-1.2945177104235992,,0.48753819516045116,,0.2876116153172844,,0.9732032474810743,,1.044316523088262
176,1175,7Networks_LH_Default_PFC_10,205.0,63.0,84.0,0.0,-53.0,19.0,11.0,Default,LH,1.0,-7.141069831040304,,,-0.5374175889844984,-0.1561832115847463,,,-1.6557099595547826,,-0.6950267344672658,,0.3544269214800237,,-0.08571597303696835,,-0.46256341899649317
177,1176,7Networks_LH_Default_PFC_11,205.0,63.0,85.0,0.0,-16.0,67.0,8.0,Default,LH,1.0,-7.70436656401653,,,-2.2652593726256827,-0.12432658603753124,,,-1.631766718881716,,0.22837768324078742,,0.4739371413264012,,0.5962684785476938,,0.843189230642202
178,1177,7Networks_LH_Default_PFC_12,205.0,64.0,78.0,0.0,-5.0,34.0,21.0,Default,LH,1.0,,,,-1.9924156969603743,-0.6751250888988051,,,-0.7674796555661991,,0.6375165181372735,,0.668243245616743,,0.7648253345599305,,1.180633089906746
179,1178,7Networks_LH_Default_PFC_13,205.0,64.0,79.0,0.0,-4.0,51.0,28.0,Default,LH,1.0,-8.307346287829688,,,-1.6038026370415497,0.973568196971826,,,-1.0739307568031682,,0.5559811803010474,,0.7634563373816327,,0.7648833695524972,,1.0698862366528428
180,1179,7Networks_LH_Default_PFC_14,205.0,64.0,80.0,0.0,-14.0,58.0,31.0,Default,LH,1.0,-8.415957534196359,,,-1.44295682103181,-0.4490376454658868,,,-1.243807581860252,,0.49311652001214423,,0.680386910911871,,0.7117644441850888,,1.0554588380869971
181,1180,7Networks_LH_Default_PFC_15,205.0,64.0,81.0,0.0,-22.0,51.0,31.0,Default,LH,1.0,-5.6956353007507055,,,-1.158633336778572,-0.8407827668958668,,,-1.2817983917786175,,0.489023925991424,,0.6264966322964522,,0.7368257965608873,,1.086339094751725
182,1181,7Networks_LH_Default_PFC_16,205.0,64.0,82.0,0.0,-25.0,28.0,43.0,Default,LH,1.0,-5.233624743143094,,,-0.8347594526470657,0.4955214784132615,,,-0.4688181631499467,,1.012500056027854,,0.6017178276916005,,0.3281479749160114,,1.2493791783071317
183,1182,7Networks_LH_Default_PFC_17,205.0,64.0,83.0,0.0,-41.0,19.0,48.0,Default,LH,1.0,-7.906174056683809,,,-0.21143550321854523,0.08846692175933123,,,-0.9638052155278931,,0.2555830140334613,,0.2689014175846916,,-1.3484144646838128,,0.298442920710406
184,1183,7Networks_LH_Default_PFC_18,205.0,64.0,84.0,0.0,-8.0,43.0,51.0,Default,LH,1.0,-8.444017246337724,,,-1.2346844161744417,0.9089900527482709,,,-0.8125783923572051,,0.6877842674826836,,0.7249092241081887,,0.7200810001695495,,1.0852561237147955
185,1184,7Networks_LH_Default_PFC_19,205.0,64.0,85.0,0.0,-18.0,36.0,48.0,Default,LH,1.0,-7.959012479255026,,,-0.9741067833607137,-0.7436351913928252,,,-0.8081144557601533,,0.49173660267106856,,0.7434431351685085,,0.6026757571684532,,1.0474357799662113
186,1185,7Networks_LH_Default_PFC_20,205.0,65.0,78.0,0.0,-42.0,7.0,48.0,Default,LH,1.0,-5.421015399297571,,,0.12375484006332589,0.3522764683778201,,,-0.9559431474691967,,1.106448449466876,,0.3566105712311287,,-1.4447129524407822,,0.3373414901087516
187,1186,7Networks_LH_Default_PFC_21,205.0,65.0,79.0,0.0,-30.0,14.0,57.0,Default,LH,1.0,-7.320705470315322,,,-0.553214385523972,1.44501977717533,,,-0.553151901601008,,1.1667150125063468,,0.5506336457559061,,-0.5104353309456925,,0.9190335316051209
188,1187,7Networks_LH_Default_PFC_22,205.0,65.0,80.0,0.0,-22.0,20.0,52.0,Default,LH,1.0,-6.901466045197633,,,-0.828237516294,-0.5575446145029035,,,-0.6477045009348212,,1.1285371373220578,,0.8514224149582715,,0.5437643175581443,,1.1992823920093005
189,1188,7Networks_LH_Default_PFC_23,205.0,65.0,81.0,0.0,-13.0,24.0,61.0,Default,LH,1.0,-7.706803543382291,,,-0.8410440322596234,0.9458412764875156,,,-0.8012940679837115,,1.1677678250635306,,1.0545188601273048,,0.5159702428773173,,1.2606243645573925
190,1189,7Networks_LH_Default_PFC_24,205.0,65.0,82.0,0.0,-6.0,10.0,65.0,Default,LH,1.0,-1.4849818215803054,,,-0.5675090880240901,1.6163600387948203,,,-0.5100865689545988,,1.9941274426547118,,1.43750582926597,,0.4631521272210162,,1.3431752453470416
191,1190,7Networks_LH_Default_pCunPCC_1,205.0,63.0,78.0,0.0,-8.0,-52.0,9.0,Default,LH,1.0,,,,0.5133678686481533,0.22640721569844616,,,0.8004593378504209,,0.18973291838432346,,-0.6254830417086078,,1.9603472909228876,,0.15128682841210855
192,1191,7Networks_LH_Default_pCunPCC_2,205.0,63.0,86.0,0.0,-13.0,-61.0,19.0,Default,LH,1.0,-3.7495813085817273,,,1.5427642323798103,0.28346618827998254,,,0.7681112549626111,,-0.18126231947469665,,-1.45148167194419,,3.1639792251321244,,0.08897847112935216
193,1192,7Networks_LH_Default_pCunPCC_3,205.0,64.0,86.0,0.0,-4.0,-53.0,20.0,Default,LH,1.0,-7.77359981811825,,,0.027708504181264977,0.6119935861068145,,,1.0227326543083453,,0.2530818589547652,,-0.1392627250308954,,1.9374048512130309,,0.24231308213583255
194,1193,7Networks_LH_Default_pCunPCC_4,205.0,65.0,83.0,0.0,-6.0,-41.0,24.0,Default,LH,1.0,,,,0.46443614443031783,-0.4897052390706513,,,1.5243323595947214,,0.3956938592106324,,0.2521478931931247,,0.9730425598554147,,-0.17380739756633928
195,1194,7Networks_LH_Default_pCunPCC_5,205.0,65.0,84.0,0.0,-10.0,-70.0,32.0,Default,LH,1.0,-4.250515493327478,,,1.224350047547158,0.3964894485581339,,,1.51523326404031,,0.1473829327358665,,-0.649714803845956,,1.5146396311514012,,0.3785329587560152
196,1195,7Networks_LH_Default_pCunPCC_6,205.0,65.0,85.0,0.0,-5.0,-60.0,30.0,Default,LH,1.0,-7.9272280274188445,,,0.5467154866887927,0.8821980716860071,,,0.9090374353091044,,0.7019070694288034,,-0.3104642597282885,,1.9560894331851264,,0.708899297684458
197,1196,7Networks_LH_Default_pCunPCC_7,205.0,65.0,86.0,0.0,-7.0,-44.0,32.0,Default,LH,1.0,-7.943829168288234,,,-0.18362014259214712,0.06173763524538144,,,1.2393669688238287,,0.8398398460489288,,0.7608827844759849,,0.6160197279223634,,0.4183532092860072
198,1197,7Networks_LH_Default_pCunPCC_8,205.0,66.0,79.0,0.0,-4.0,-34.0,38.0,Default,LH,1.0,-6.345661977617957,,,-0.2719332302691861,0.40513934712552335,,,0.9463113785800094,,1.65779410924215,,1.2432848427870462,,1.0341184507681196,,1.7587444059884676
199,1198,7Networks_LH_Default_pCunPCC_9,205.0,66.0,80.0,0.0,-3.0,-15.0,37.0,Default,LH,1.0,-3.5265230280614617,,,-1.1326096581177616,0.057636278668257906,,,0.6500556597252883,,2.343402263914168,,1.4155710705673457,,0.7266680446860545,,2.1415739269655822
200,1199,7Networks_LH_Default_pCunPCC_10,205.0,66.0,81.0,0.0,-3.0,-68.0,41.0,Default,LH,1.0,-6.69749104590653,,,0.7233159553111697,1.0623263523580262,,,1.666394784061818,,1.0029610541491134,,-0.03081735755941138,,1.1174786261290084,,0.5231706834377887
201,1200,7Networks_LH_Default_pCunPCC_11,205.0,66.0,82.0,0.0,-7.0,-51.0,43.0,Default,LH,1.0,-3.8636167992289594,,,-0.23277422919841448,1.1307706207594772,,,1.5812847879521057,,1.861380342822868,,0.814807012674516,,0.3716911910657455,,1.0075303278448313
202,2000,medial_wall,,,,,,,,medial_wall,,7.0,,,,,,,,,,,,,,,,
203,2001,7Networks_RH_Vis_1,124.0,17.0,130.0,0.0,34.0,-37.0,-23.0,Vis,RH,6.0,2.0852869958415243,,,,,,,,,,,,,,,
204,2002,7Networks_RH_Vis_2,124.0,17.0,131.0,0.0,31.0,-31.0,-18.0,Vis,RH,6.0,-0.5132290464069953,,,,,,,,,,,,,,,
205,2003,7Networks_RH_Vis_3,124.0,17.0,132.0,0.0,36.0,-53.0,-17.0,Vis,RH,6.0,2.7930908723597216,,,,,,,,,,,,,,,
206,2004,7Networks_RH_Vis_4,124.0,17.0,133.0,0.0,37.0,-73.0,-16.0,Vis,RH,6.0,2.773774182727324,,,,,,,,,,,,,,,
207,2005,7Networks_RH_Vis_5,124.0,17.0,134.0,0.0,26.0,-52.0,-9.0,Vis,RH,6.0,2.5726883811279846,,,,,,,,,,,,,,,
208,2006,7Networks_RH_Vis_6,124.0,17.0,135.0,0.0,23.0,-74.0,-11.0,Vis,RH,6.0,2.822863779756673,,,,,,,,,,,,,,,
209,2007,7Networks_RH_Vis_7,124.0,18.0,128.0,0.0,18.0,-36.0,-12.0,Vis,RH,6.0,,,,,,,,,,,,,,,,
210,2008,7Networks_RH_Vis_8,124.0,18.0,129.0,0.0,20.0,-88.0,-13.0,Vis,RH,6.0,2.6219175408650726,,,,,,,,,,,,,,,
211,2009,7Networks_RH_Vis_9,124.0,18.0,130.0,0.0,50.0,-64.0,-9.0,Vis,RH,6.0,2.558855691413738,,,,,,,,,,,,,,,
212,2010,7Networks_RH_Vis_10,124.0,18.0,131.0,0.0,42.0,-84.0,-12.0,Vis,RH,6.0,2.605609405444968,,,,,,,,,,,,,,,
213,2011,7Networks_RH_Vis_11,124.0,18.0,132.0,0.0,9.0,-72.0,-5.0,Vis,RH,6.0,2.7560991719083043,,,,,,,,,,,,,,,
214,2012,7Networks_RH_Vis_12,124.0,18.0,133.0,0.0,13.0,-58.0,-3.0,Vis,RH,6.0,2.760715465504082,,,,,,,,,,,,,,,
215,2013,7Networks_RH_Vis_13,124.0,18.0,134.0,0.0,25.0,-97.0,-10.0,Vis,RH,6.0,0.7765480284261885,,,,,,,,,,,,,,,
216,2014,7Networks_RH_Vis_14,124.0,18.0,136.0,0.0,18.0,-45.0,-3.0,Vis,RH,6.0,2.5730403792099033,,,,,,,,,,,,,,,
217,2015,7Networks_RH_Vis_15,124.0,18.0,137.0,0.0,8.0,-92.0,-2.0,Vis,RH,6.0,2.4119202869799383,,,,,,,,,,,,,,,
218,2016,7Networks_RH_Vis_16,124.0,18.0,138.0,0.0,48.0,-66.0,4.0,Vis,RH,6.0,3.1448841137343218,,,,,,,,,,,,,,,
219,2017,7Networks_RH_Vis_17,124.0,18.0,139.0,0.0,14.0,-46.0,4.0,Vis,RH,6.0,,,,,,,,,,,,,,,,
220,2018,7Networks_RH_Vis_18,124.0,18.0,140.0,0.0,35.0,-89.0,2.0,Vis,RH,6.0,2.598841178546711,,,,,,,,,,,,,,,
221,2019,7Networks_RH_Vis_19,124.0,18.0,141.0,0.0,9.0,-74.0,9.0,Vis,RH,6.0,2.6584251538988672,,,,,,,,,,,,,,,
222,2020,7Networks_RH_Vis_20,124.0,18.0,142.0,0.0,22.0,-59.0,6.0,Vis,RH,6.0,2.563755753239841,,,,,,,,,,,,,,,
223,2021,7Networks_RH_Vis_21,124.0,19.0,135.0,0.0,24.0,-99.0,7.0,Vis,RH,6.0,2.284366830909937,,,,,,,,,,,,,,,
224,2022,7Networks_RH_Vis_22,124.0,19.0,136.0,0.0,43.0,-79.0,10.0,Vis,RH,6.0,2.489967030830372,,,,,,,,,,,,,,,
225,2023,7Networks_RH_Vis_23,124.0,19.0,137.0,0.0,13.0,-94.0,19.0,Vis,RH,6.0,2.8087704535735654,,,,,,,,,,,,,,,
226,2024,7Networks_RH_Vis_24,124.0,19.0,138.0,0.0,16.0,-66.0,19.0,Vis,RH,6.0,2.491007540169937,,,,,,,,,,,,,,,
227,2025,7Networks_RH_Vis_25,124.0,19.0,139.0,0.0,5.0,-80.0,24.0,Vis,RH,6.0,2.777503944767929,,,,,,,,,,,,,,,
228,2026,7Networks_RH_Vis_26,124.0,19.0,140.0,0.0,27.0,-87.0,21.0,Vis,RH,6.0,2.8252585801334513,,,,,,,,,,,,,,,
229,2027,7Networks_RH_Vis_27,124.0,19.0,141.0,0.0,36.0,-79.0,24.0,Vis,RH,6.0,1.9831918281121357,,,,,,,,,,,,,,,
230,2028,7Networks_RH_Vis_28,124.0,19.0,142.0,0.0,14.0,-78.0,34.0,Vis,RH,6.0,2.5006812487397134,,,,,,,,,,,,,,,
231,2029,7Networks_RH_Vis_29,124.0,20.0,135.0,0.0,16.0,-87.0,36.0,Vis,RH,6.0,2.8021172657126883,,,,,,,,,,,,,,,
232,2030,7Networks_RH_Vis_30,124.0,20.0,136.0,0.0,29.0,-78.0,37.0,Vis,RH,6.0,2.45088067716691,,,,,,,,,,,,,,,
233,2031,7Networks_RH_SomMot_1,74.0,128.0,179.0,0.0,53.0,3.0,-6.0,SomMot,RH,5.0,4.458329128742147,,,,,,,,,,,,,,,
234,2032,7Networks_RH_SomMot_2,74.0,128.0,180.0,0.0,62.0,-19.0,0.0,SomMot,RH,5.0,4.232005821013695,,,,,,,,,,,,,,,
235,2033,7Networks_RH_SomMot_3,74.0,128.0,181.0,0.0,53.0,-14.0,6.0,SomMot,RH,5.0,4.545144580841103,,,,,,,,,,,,,,,
236,2034,7Networks_RH_SomMot_4,74.0,129.0,174.0,0.0,39.0,-19.0,5.0,SomMot,RH,5.0,4.347935966608026,,,,,,,,,,,,,,,
237,2035,7Networks_RH_SomMot_5,74.0,129.0,175.0,0.0,37.0,-8.0,14.0,SomMot,RH,5.0,5.690325304530663,,,,,,,,,,,,,,,
238,2036,7Networks_RH_SomMot_6,74.0,129.0,176.0,0.0,35.0,-21.0,14.0,SomMot,RH,5.0,5.3411684756291224,,,,,,,,,,,,,,,
239,2037,7Networks_RH_SomMot_7,74.0,129.0,177.0,0.0,60.0,-24.0,11.0,SomMot,RH,5.0,4.787308629409029,,,,,,,,,,,,,,,
240,2038,7Networks_RH_SomMot_8,74.0,129.0,178.0,0.0,65.0,-34.0,11.0,SomMot,RH,5.0,3.8915039614089753,,,,,,,,,,,,,,,
241,2039,7Networks_RH_SomMot_9,74.0,129.0,179.0,0.0,41.0,-13.0,18.0,SomMot,RH,5.0,5.507204012501465,,,,,,,,,,,,,,,
242,2040,7Networks_RH_SomMot_10,74.0,129.0,180.0,0.0,41.0,-29.0,18.0,SomMot,RH,5.0,5.063519152675484,,,,,,,,,,,,,,,
243,2041,7Networks_RH_SomMot_11,74.0,129.0,181.0,0.0,50.0,-10.0,13.0,SomMot,RH,5.0,5.553349661413356,,,,,,,,,,,,,,,
244,2042,7Networks_RH_SomMot_12,74.0,130.0,174.0,0.0,59.0,1.0,10.0,SomMot,RH,5.0,4.79282219911464,,,,,,,,,,,,,,,
245,2043,7Networks_RH_SomMot_13,74.0,130.0,175.0,0.0,49.0,-21.0,19.0,SomMot,RH,5.0,5.537704668489739,,,,,,,,,,,,,,,
246,2044,7Networks_RH_SomMot_14,74.0,130.0,176.0,0.0,62.0,-12.0,15.0,SomMot,RH,5.0,5.456199437963201,,,,,,,,,,,,,,,
247,2045,7Networks_RH_SomMot_15,74.0,130.0,177.0,0.0,61.0,6.0,30.0,SomMot,RH,5.0,5.148348031512775,,,,,,,,,,,,,,,
248,2046,7Networks_RH_SomMot_16,74.0,130.0,178.0,0.0,60.0,-5.0,27.0,SomMot,RH,5.0,5.9841660535821966,,,,,,,,,,,,,,,
249,2047,7Networks_RH_SomMot_17,74.0,130.0,179.0,0.0,61.0,-14.0,30.0,SomMot,RH,5.0,4.736298242663468,,,,,,,,,,,,,,,
250,2048,7Networks_RH_SomMot_18,74.0,130.0,180.0,0.0,52.0,-6.0,37.0,SomMot,RH,5.0,5.671808149454194,,,,,,,,,,,,,,,
251,2049,7Networks_RH_SomMot_19,74.0,130.0,182.0,0.0,54.0,-17.0,40.0,SomMot,RH,5.0,5.644073392017575,,,,,,,,,,,,,,,
252,2050,7Networks_RH_SomMot_20,74.0,130.0,183.0,0.0,11.0,-17.0,41.0,SomMot,RH,5.0,3.5958384397600036,,,,,,,,,,,,,,,
253,2051,7Networks_RH_SomMot_21,74.0,130.0,184.0,0.0,52.0,-13.0,49.0,SomMot,RH,5.0,5.88909949818751,,,,,,,,,,,,,,,
254,2052,7Networks_RH_SomMot_22,74.0,130.0,185.0,0.0,44.0,-10.0,49.0,SomMot,RH,5.0,4.793537200960497,,,,,,,,,,,,,,,
255,2053,7Networks_RH_SomMot_23,74.0,130.0,186.0,0.0,49.0,-26.0,56.0,SomMot,RH,5.0,5.90071630734345,,,,,,,,,,,,,,,
256,2054,7Networks_RH_SomMot_24,74.0,130.0,187.0,0.0,7.0,-10.0,51.0,SomMot,RH,5.0,5.923891380988817,,,,,,,,,,,,,,,
257,2055,7Networks_RH_SomMot_25,74.0,130.0,188.0,0.0,43.0,-21.0,54.0,SomMot,RH,5.0,6.16603562203411,,,,,,,,,,,,,,,
258,2056,7Networks_RH_SomMot_26,74.0,131.0,181.0,0.0,37.0,-20.0,64.0,SomMot,RH,5.0,6.314889989082023,,,,,,,,,,,,,,,
259,2057,7Networks_RH_SomMot_27,74.0,131.0,182.0,0.0,32.0,-34.0,63.0,SomMot,RH,5.0,5.529133337884009,,,,,,,,,,,,,,,
260,2058,7Networks_RH_SomMot_28,74.0,131.0,183.0,0.0,31.0,-41.0,64.0,SomMot,RH,5.0,5.131963312823643,,,,,,,,,,,,,,,
261,2059,7Networks_RH_SomMot_29,74.0,131.0,184.0,0.0,34.0,-27.0,61.0,SomMot,RH,5.0,6.417851885990622,,,,,,,,,,,,,,,
262,2060,7Networks_RH_SomMot_30,74.0,131.0,185.0,0.0,4.0,-25.0,58.0,SomMot,RH,5.0,6.4808444555622575,,,,,,,,,,,,,,,
263,2061,7Networks_RH_SomMot_31,74.0,131.0,186.0,0.0,29.0,-11.0,65.0,SomMot,RH,5.0,5.382730509461133,,,,,,,,,,,,,,,
264,2062,7Networks_RH_SomMot_32,74.0,131.0,187.0,0.0,9.0,-40.0,68.0,SomMot,RH,5.0,5.699283165882226,,,,,,,,,,,,,,,
265,2063,7Networks_RH_SomMot_33,74.0,131.0,188.0,0.0,21.0,-24.0,67.0,SomMot,RH,5.0,6.338977477967305,,,,,,,,,,,,,,,
266,2064,7Networks_RH_SomMot_34,74.0,132.0,181.0,0.0,22.0,-29.0,68.0,SomMot,RH,5.0,6.2549975044186725,,,,,,,,,,,,,,,
267,2065,7Networks_RH_SomMot_35,74.0,132.0,182.0,0.0,22.0,-35.0,71.0,SomMot,RH,5.0,5.993811134819335,,,,,,,,,,,,,,,
268,2066,7Networks_RH_SomMot_36,74.0,132.0,183.0,0.0,17.0,-6.0,69.0,SomMot,RH,5.0,5.456805284467847,,,,,,,,,,,,,,,
269,2067,7Networks_RH_SomMot_37,74.0,132.0,184.0,0.0,16.0,-47.0,74.0,SomMot,RH,5.0,4.755663399218048,,,,,,,,,,,,,,,
270,2068,7Networks_RH_SomMot_38,74.0,132.0,185.0,0.0,5.0,-22.0,72.0,SomMot,RH,5.0,6.559985510043254,,,,,,,,,,,,,,,
271,2069,7Networks_RH_SomMot_39,74.0,132.0,186.0,0.0,17.0,-18.0,73.0,SomMot,RH,5.0,6.560505188306368,,,,,,,,,,,,,,,
272,2070,7Networks_RH_SomMot_40,74.0,132.0,187.0,0.0,13.0,-33.0,76.0,SomMot,RH,5.0,6.3104374368907985,,,,,,,,,,,,,,,
273,2071,7Networks_RH_DorsAttn_Post_1,4.0,118.0,15.0,0.0,50.0,-49.0,-18.0,DorsAttn,RH,2.0,1.5914726000805046,,,,,,,,,,,,,,,
274,2072,7Networks_RH_DorsAttn_Post_2,4.0,119.0,8.0,0.0,59.0,-55.0,-2.0,DorsAttn,RH,2.0,1.0192930354280862,,,,,,,,,,,,,,,
275,2073,7Networks_RH_DorsAttn_Post_3,4.0,119.0,9.0,0.0,54.0,-56.0,12.0,DorsAttn,RH,2.0,0.7469885195734404,,,,,,,,,,,,,,,
276,2074,7Networks_RH_DorsAttn_Post_4,4.0,119.0,10.0,0.0,45.0,-75.0,31.0,DorsAttn,RH,2.0,-3.2537009738345044,,,,,,,,,,,,,,,
277,2075,7Networks_RH_DorsAttn_Post_5,4.0,119.0,11.0,0.0,32.0,-66.0,35.0,DorsAttn,RH,2.0,0.26355298741224953,,,,,,,,,,,,,,,
278,2076,7Networks_RH_DorsAttn_Post_6,4.0,119.0,12.0,0.0,57.0,-23.0,44.0,DorsAttn,RH,2.0,3.083133175512796,,,,,,,,,,,,,,,
279,2077,7Networks_RH_DorsAttn_Post_7,4.0,119.0,13.0,0.0,19.0,-79.0,50.0,DorsAttn,RH,2.0,0.11061967740194596,,,,,,,,,,,,,,,
280,2078,7Networks_RH_DorsAttn_Post_8,4.0,119.0,14.0,0.0,44.0,-37.0,50.0,DorsAttn,RH,2.0,0.1905764870920632,,,,,,,,,,,,,,,
281,2079,7Networks_RH_DorsAttn_Post_9,4.0,119.0,16.0,0.0,45.0,-28.0,42.0,DorsAttn,RH,2.0,4.644967667569089,,,,,,,,,,,,,,,
282,2080,7Networks_RH_DorsAttn_Post_10,4.0,119.0,17.0,0.0,31.0,-64.0,53.0,DorsAttn,RH,2.0,-0.13561056362729376,,,,,,,,,,,,,,,
283,2081,7Networks_RH_DorsAttn_Post_11,4.0,119.0,18.0,0.0,36.0,-44.0,45.0,DorsAttn,RH,2.0,-0.9504960000897703,,,,,,,,,,,,,,,
284,2082,7Networks_RH_DorsAttn_Post_12,4.0,119.0,19.0,0.0,21.0,-69.0,53.0,DorsAttn,RH,2.0,1.1599059901575235,,,,,,,,,,,,,,,
285,2083,7Networks_RH_DorsAttn_Post_13,4.0,119.0,20.0,0.0,35.0,-36.0,51.0,DorsAttn,RH,2.0,4.153160364028876,,,,,,,,,,,,,,,
286,2084,7Networks_RH_DorsAttn_Post_14,4.0,119.0,21.0,0.0,34.0,-50.0,54.0,DorsAttn,RH,2.0,1.6239884954486759,,,,,,,,,,,,,,,
287,2085,7Networks_RH_DorsAttn_Post_15,4.0,119.0,22.0,0.0,8.0,-71.0,53.0,DorsAttn,RH,2.0,-1.9139698278809238,,,,,,,,,,,,,,,
288,2086,7Networks_RH_DorsAttn_Post_16,4.0,120.0,15.0,0.0,27.0,-58.0,61.0,DorsAttn,RH,2.0,2.9213783395151287,,,,,,,,,,,,,,,
289,2087,7Networks_RH_DorsAttn_Post_17,4.0,120.0,16.0,0.0,7.0,-54.0,59.0,DorsAttn,RH,2.0,1.498511027301402,,,,,,,,,,,,,,,
290,2088,7Networks_RH_DorsAttn_Post_18,4.0,120.0,17.0,0.0,14.0,-64.0,65.0,DorsAttn,RH,2.0,1.505769914461907,,,,,,,,,,,,,,,
291,2089,7Networks_RH_DorsAttn_Post_19,4.0,120.0,18.0,0.0,24.0,-50.0,68.0,DorsAttn,RH,2.0,4.368857246552458,,,,,,,,,,,,,,,
292,2090,7Networks_RH_DorsAttn_FEF_1,5.0,118.0,15.0,0.0,39.0,-3.0,53.0,DorsAttn,RH,2.0,2.4201308425401944,,,,,,,,,,,,,,,
293,2091,7Networks_RH_DorsAttn_FEF_2,5.0,118.0,16.0,0.0,27.0,-3.0,52.0,DorsAttn,RH,2.0,1.147724742879116,,,,,,,,,,,,,,,
294,2092,7Networks_RH_DorsAttn_FEF_3,5.0,118.0,17.0,0.0,25.0,-3.0,64.0,DorsAttn,RH,2.0,2.9968188018384905,,,,,,,,,,,,,,,
295,2093,7Networks_RH_DorsAttn_PrCv_1,5.0,118.0,18.0,0.0,49.0,8.0,25.0,DorsAttn,RH,2.0,0.412210343534662,,,,,,,,,,,,,,,
296,2094,7Networks_RH_SalVentAttn_TempOccPar_1,201.0,58.0,249.0,0.0,59.0,-46.0,7.0,SalVentAttn,RH,4.0,0.2477887618098797,,,,,,,,,,,,,,,
297,2095,7Networks_RH_SalVentAttn_TempOccPar_2,201.0,58.0,250.0,0.0,51.0,-41.0,13.0,SalVentAttn,RH,4.0,2.5312045708155733,,,,,,,,,,,,,,,
298,2096,7Networks_RH_SalVentAttn_TempOccPar_3,201.0,58.0,252.0,0.0,62.0,-40.0,22.0,SalVentAttn,RH,4.0,0.032116339949263474,,,,,,,,,,,,,,,
299,2097,7Networks_RH_SalVentAttn_TempOccPar_4,201.0,58.0,253.0,0.0,58.0,-31.0,24.0,SalVentAttn,RH,4.0,3.2369646057534056,,,,,,,,,,,,,,,
300,2098,7Networks_RH_SalVentAttn_TempOccPar_5,201.0,58.0,254.0,0.0,60.0,-22.0,22.0,SalVentAttn,RH,4.0,3.6041751016882535,,,,,,,,,,,,,,,
301,2099,7Networks_RH_SalVentAttn_TempOccPar_6,201.0,58.0,255.0,0.0,63.0,-26.0,38.0,SalVentAttn,RH,4.0,1.133358619448012,,,,,,,,,,,,,,,
302,2100,7Networks_RH_SalVentAttn_TempOccPar_7,198.0,51.0,250.0,0.0,62.0,-37.0,37.0,SalVentAttn,RH,4.0,-3.4331282324641714,,,,,,,,,,,,,,,
303,2101,7Networks_RH_SalVentAttn_PrC_1,201.0,59.0,251.0,0.0,51.0,3.0,41.0,SalVentAttn,RH,4.0,1.7577437201730526,,,,,,,,,,,,,,,
304,2102,7Networks_RH_SalVentAttn_FrOperIns_1,201.0,59.0,249.0,0.0,40.0,5.0,-15.0,SalVentAttn,RH,4.0,,,,,,,,,,,,,,,,
305,2103,7Networks_RH_SalVentAttn_FrOperIns_2,201.0,59.0,250.0,0.0,41.0,8.0,-3.0,SalVentAttn,RH,4.0,1.7597089081871544,,,,,,,,,,,,,,,
306,2104,7Networks_RH_SalVentAttn_FrOperIns_3,201.0,59.0,252.0,0.0,40.0,-10.0,-4.0,SalVentAttn,RH,4.0,3.098921077397395,,,,,,,,,,,,,,,
307,2105,7Networks_RH_SalVentAttn_FrOperIns_4,201.0,59.0,253.0,0.0,39.0,-2.0,6.0,SalVentAttn,RH,4.0,3.6288011222489027,,,,,,,,,,,,,,,
308,2106,7Networks_RH_SalVentAttn_FrOperIns_5,201.0,59.0,254.0,0.0,37.0,23.0,5.0,SalVentAttn,RH,4.0,0.024433716196988035,,,,,,,,,,,,,,,
309,2107,7Networks_RH_SalVentAttn_FrOperIns_6,201.0,59.0,255.0,0.0,38.0,7.0,11.0,SalVentAttn,RH,4.0,3.789317566062551,,,,,,,,,,,,,,,
310,2108,7Networks_RH_SalVentAttn_FrOperIns_7,198.0,52.0,250.0,0.0,49.0,5.0,3.0,SalVentAttn,RH,4.0,3.4607705106811912,,,,,,,,,,,,,,,
311,2109,7Networks_RH_SalVentAttn_FrOperIns_8,198.0,52.0,251.0,0.0,54.0,12.0,12.0,SalVentAttn,RH,4.0,-0.5478788997053703,,,,,,,,,,,,,,,
312,2110,7Networks_RH_SalVentAttn_PFCl_1,200.0,57.0,251.0,0.0,33.0,45.0,28.0,SalVentAttn,RH,4.0,-0.37144684363360053,,,,,,,,,,,,,,,
313,2111,7Networks_RH_SalVentAttn_Med_1,200.0,57.0,247.0,0.0,7.0,19.0,35.0,SalVentAttn,RH,4.0,1.7238625874198987,,,,,,,,,,,,,,,
314,2112,7Networks_RH_SalVentAttn_Med_2,200.0,57.0,248.0,0.0,7.0,2.0,43.0,SalVentAttn,RH,4.0,4.049896844180435,,,,,,,,,,,,,,,
315,2113,7Networks_RH_SalVentAttn_Med_3,200.0,57.0,250.0,0.0,12.0,-34.0,43.0,SalVentAttn,RH,4.0,0.270068486627359,,,,,,,,,,,,,,,
316,2114,7Networks_RH_SalVentAttn_Med_4,200.0,57.0,252.0,0.0,6.0,11.0,58.0,SalVentAttn,RH,4.0,1.2707299944020094,,,,,,,,,,,,,,,
317,2115,7Networks_RH_SalVentAttn_Med_5,200.0,57.0,253.0,0.0,10.0,-43.0,53.0,SalVentAttn,RH,4.0,2.317306530936584,,,,,,,,,,,,,,,
318,2116,7Networks_RH_SalVentAttn_Med_6,200.0,57.0,254.0,0.0,11.0,-32.0,50.0,SalVentAttn,RH,4.0,4.15145898806804,,,,,,,,,,,,,,,
319,2117,7Networks_RH_SalVentAttn_Med_7,200.0,57.0,255.0,0.0,7.0,-2.0,67.0,SalVentAttn,RH,4.0,4.337746651628353,,,,,,,,,,,,,,,
320,2118,7Networks_RH_SalVentAttn_Med_8,200.0,58.0,249.0,0.0,16.0,7.0,69.0,SalVentAttn,RH,4.0,0.9885451957037448,,,,,,,,,,,,,,,
321,2119,7Networks_RH_Limbic_OFC_1,224.0,249.0,163.0,0.0,13.0,24.0,-21.0,Limbic,RH,3.0,,,,,,,,,,,,,,,,
322,2120,7Networks_RH_Limbic_OFC_2,224.0,249.0,165.0,0.0,23.0,22.0,-21.0,Limbic,RH,3.0,-1.7750642064095181,,,,,,,,,,,,,,,
323,2121,7Networks_RH_Limbic_OFC_3,224.0,249.0,166.0,0.0,8.0,47.0,-23.0,Limbic,RH,3.0,-7.840000331966339,,,,,,,,,,,,,,,
324,2122,7Networks_RH_Limbic_OFC_4,224.0,249.0,167.0,0.0,20.0,43.0,-18.0,Limbic,RH,3.0,-4.540274109186245,,,,,,,,,,,,,,,
325,2123,7Networks_RH_Limbic_OFC_5,224.0,249.0,168.0,0.0,5.0,22.0,-21.0,Limbic,RH,3.0,,,,,,,,,,,,,,,,
326,2124,7Networks_RH_Limbic_OFC_6,224.0,249.0,169.0,0.0,9.0,63.0,-14.0,Limbic,RH,3.0,-8.058677842614207,,,,,,,,,,,,,,,
327,2125,7Networks_RH_Limbic_TempPole_1,224.0,249.0,164.0,0.0,28.0,-1.0,-40.0,Limbic,RH,3.0,1.1184807798858747,,,,,,,,,,,,,,,
328,2126,7Networks_RH_Limbic_TempPole_2,224.0,249.0,170.0,0.0,49.0,-7.0,-39.0,Limbic,RH,3.0,-6.4990325755944145,,,,,,,,,,,,,,,
329,2127,7Networks_RH_Limbic_TempPole_3,224.0,249.0,171.0,0.0,37.0,17.0,-38.0,Limbic,RH,3.0,-7.800577711609462,,,,,,,,,,,,,,,
330,2128,7Networks_RH_Limbic_TempPole_4,224.0,249.0,172.0,0.0,39.0,-15.0,-31.0,Limbic,RH,3.0,-0.09610175405372777,,,,,,,,,,,,,,,
331,2129,7Networks_RH_Limbic_TempPole_5,224.0,250.0,165.0,0.0,29.0,12.0,-30.0,Limbic,RH,3.0,,,,,,,,,,,,,,,,
332,2130,7Networks_RH_Limbic_TempPole_6,224.0,250.0,166.0,0.0,50.0,-28.0,-26.0,Limbic,RH,3.0,-0.1216689144846052,,,,,,,,,,,,,,,
333,2131,7Networks_RH_Limbic_TempPole_7,224.0,250.0,167.0,0.0,23.0,-18.0,-27.0,Limbic,RH,3.0,,,,,,,,,,,,,,,,
334,2132,7Networks_RH_Cont_Par_1,234.0,147.0,33.0,0.0,54.0,-53.0,44.0,Cont,RH,0.0,-7.118564338048477,,,,,,,,,,,,,,,
335,2133,7Networks_RH_Cont_Par_2,234.0,147.0,35.0,0.0,56.0,-41.0,48.0,Cont,RH,0.0,-5.574564353832626,,,,,,,,,,,,,,,
336,2134,7Networks_RH_Cont_Par_3,234.0,147.0,36.0,0.0,35.0,-71.0,47.0,Cont,RH,0.0,-4.621849488502186,,,,,,,,,,,,,,,
337,2135,7Networks_RH_Cont_Par_4,234.0,147.0,37.0,0.0,54.0,-33.0,51.0,Cont,RH,0.0,-2.348052802493655,,,,,,,,,,,,,,,
338,2136,7Networks_RH_Cont_Par_5,234.0,147.0,38.0,0.0,47.0,-44.0,46.0,Cont,RH,0.0,-4.069343591459203,,,,,,,,,,,,,,,
339,2137,7Networks_RH_Cont_Par_6,234.0,147.0,39.0,0.0,41.0,-55.0,48.0,Cont,RH,0.0,-4.9842290790148205,,,,,,,,,,,,,,,
340,2138,7Networks_RH_Cont_Temp_1,234.0,147.0,34.0,0.0,62.0,-28.0,-20.0,Cont,RH,0.0,-6.171446438238788,,,,,,,,,,,,,,,
341,2139,7Networks_RH_Cont_Temp_2,234.0,147.0,40.0,0.0,63.0,-42.0,-11.0,Cont,RH,0.0,-4.862256482520089,,,,,,,,,,,,,,,
342,2140,7Networks_RH_Cont_PFCv_1,233.0,148.0,35.0,0.0,34.0,21.0,-8.0,Cont,RH,0.0,-4.0702898126520175,,,,,,,,,,,,,,,
343,2141,7Networks_RH_Cont_PFCl_1,233.0,148.0,27.0,0.0,28.0,55.0,-14.0,Cont,RH,0.0,-5.276072736090395,,,,,,,,,,,,,,,
344,2142,7Networks_RH_Cont_PFCl_2,233.0,148.0,28.0,0.0,42.0,51.0,-6.0,Cont,RH,0.0,-6.046936726228512,,,,,,,,,,,,,,,
345,2143,7Networks_RH_Cont_PFCl_3,233.0,148.0,29.0,0.0,27.0,59.0,3.0,Cont,RH,0.0,-6.3748114846245985,,,,,,,,,,,,,,,
346,2144,7Networks_RH_Cont_PFCl_4,233.0,148.0,30.0,0.0,49.0,40.0,5.0,Cont,RH,0.0,-1.2419822461298649,,,,,,,,,,,,,,,
347,2145,7Networks_RH_Cont_PFCl_5,233.0,148.0,31.0,0.0,42.0,46.0,14.0,Cont,RH,0.0,-3.04790397053388,,,,,,,,,,,,,,,
348,2146,7Networks_RH_Cont_PFCl_6,233.0,148.0,32.0,0.0,50.0,30.0,18.0,Cont,RH,0.0,-3.3396196174779837,,,,,,,,,,,,,,,
349,2147,7Networks_RH_Cont_PFCl_7,233.0,148.0,34.0,0.0,48.0,18.0,23.0,Cont,RH,0.0,-2.1980637224475497,,,,,,,,,,,,,,,
350,2148,7Networks_RH_Cont_PFCl_8,233.0,148.0,36.0,0.0,25.0,54.0,25.0,Cont,RH,0.0,-4.491085747815838,,,,,,,,,,,,,,,
351,2149,7Networks_RH_Cont_PFCl_9,233.0,148.0,37.0,0.0,47.0,29.0,28.0,Cont,RH,0.0,-4.803827283495618,,,,,,,,,,,,,,,
352,2150,7Networks_RH_Cont_PFCl_10,233.0,148.0,38.0,0.0,39.0,11.0,34.0,Cont,RH,0.0,-4.041667707551281,,,,,,,,,,,,,,,
353,2151,7Networks_RH_Cont_PFCl_11,233.0,148.0,39.0,0.0,39.0,33.0,38.0,Cont,RH,0.0,-3.851832021694107,,,,,,,,,,,,,,,
354,2152,7Networks_RH_Cont_PFCl_12,233.0,148.0,40.0,0.0,45.0,19.0,44.0,Cont,RH,0.0,-7.244840723042831,,,,,,,,,,,,,,,
355,2153,7Networks_RH_Cont_PFCl_13,233.0,149.0,33.0,0.0,43.0,7.0,51.0,Cont,RH,0.0,-4.3973198032916185,,,,,,,,,,,,,,,
356,2154,7Networks_RH_Cont_PFCl_14,233.0,149.0,34.0,0.0,34.0,15.0,56.0,Cont,RH,0.0,-6.131250831533411,,,,,,,,,,,,,,,
357,2155,7Networks_RH_Cont_PFCl_15,233.0,149.0,35.0,0.0,24.0,10.0,58.0,Cont,RH,0.0,-2.0309593075999146,,,,,,,,,,,,,,,
358,2156,7Networks_RH_Cont_pCun_1,233.0,147.0,35.0,0.0,13.0,-71.0,39.0,Cont,RH,0.0,-3.219827097535161,,,,,,,,,,,,,,,
359,2157,7Networks_RH_Cont_pCun_2,233.0,147.0,36.0,0.0,5.0,-64.0,44.0,Cont,RH,0.0,-5.25721422580991,,,,,,,,,,,,,,,
360,2158,7Networks_RH_Cont_Cing_1,233.0,147.0,34.0,0.0,6.0,-26.0,28.0,Cont,RH,0.0,,,,,,,,,,,,,,,,
361,2159,7Networks_RH_Cont_Cing_2,233.0,147.0,37.0,0.0,5.0,1.0,30.0,Cont,RH,0.0,,,,,,,,,,,,,,,,
362,2160,7Networks_RH_Cont_PFCmp_1,234.0,148.0,37.0,0.0,8.0,35.0,25.0,Cont,RH,0.0,-3.512645888164735,,,,,,,,,,,,,,,
363,2161,7Networks_RH_Cont_PFCmp_2,234.0,148.0,38.0,0.0,5.0,28.0,48.0,Cont,RH,0.0,-5.258604970120367,,,,,,,,,,,,,,,
364,2162,7Networks_RH_Default_Par_1,209.0,62.0,76.0,0.0,55.0,-46.0,19.0,Default,RH,1.0,-3.693331918084676,,,,,,,,,,,,,,,
365,2163,7Networks_RH_Default_Par_2,209.0,62.0,78.0,0.0,48.0,-64.0,22.0,Default,RH,1.0,-2.95753079747777,,,,,,,,,,,,,,,
366,2164,7Networks_RH_Default_Par_3,209.0,62.0,79.0,0.0,53.0,-53.0,26.0,Default,RH,1.0,-7.892066531018638,,,,,,,,,,,,,,,
367,2165,7Networks_RH_Default_Par_4,209.0,62.0,80.0,0.0,55.0,-45.0,33.0,Default,RH,1.0,-6.763729208813569,,,,,,,,,,,,,,,
368,2166,7Networks_RH_Default_Par_5,209.0,62.0,81.0,0.0,47.0,-64.0,42.0,Default,RH,1.0,-7.304851707909663,,,,,,,,,,,,,,,
369,2167,7Networks_RH_Default_Temp_1,209.0,61.0,76.0,0.0,49.0,9.0,-33.0,Default,RH,1.0,-7.80452680951285,,,,,,,,,,,,,,,
370,2168,7Networks_RH_Default_Temp_2,209.0,61.0,77.0,0.0,61.0,-8.0,-23.0,Default,RH,1.0,-8.262510467867262,,,,,,,,,,,,,,,
371,2169,7Networks_RH_Default_Temp_3,209.0,61.0,79.0,0.0,47.0,16.0,-20.0,Default,RH,1.0,-1.0030979531187563,,,,,,,,,,,,,,,
372,2170,7Networks_RH_Default_Temp_4,209.0,61.0,80.0,0.0,55.0,-4.0,-14.0,Default,RH,1.0,-3.713203894867847,,,,,,,,,,,,,,,
373,2171,7Networks_RH_Default_Temp_5,209.0,61.0,81.0,0.0,63.0,-23.0,-7.0,Default,RH,1.0,-7.708081322896643,,,,,,,,,,,,,,,
374,2172,7Networks_RH_Default_Temp_6,209.0,61.0,82.0,0.0,49.0,-20.0,-8.0,Default,RH,1.0,-2.9079615336400684,,,,,,,,,,,,,,,
375,2173,7Networks_RH_Default_Temp_7,209.0,61.0,83.0,0.0,63.0,-38.0,0.0,Default,RH,1.0,-6.3473507295923355,,,,,,,,,,,,,,,
376,2174,7Networks_RH_Default_Temp_8,209.0,61.0,84.0,0.0,50.0,-33.0,2.0,Default,RH,1.0,-0.17098686114564327,,,,,,,,,,,,,,,
377,2175,7Networks_RH_Default_PFCv_1,209.0,61.0,78.0,0.0,35.0,23.0,-18.0,Default,RH,1.0,,,,,,,,,,,,,,,,
378,2176,7Networks_RH_Default_PFCv_2,209.0,62.0,77.0,0.0,35.0,38.0,-13.0,Default,RH,1.0,-6.162675833615493,,,,,,,,,,,,,,,
379,2177,7Networks_RH_Default_PFCv_3,209.0,62.0,82.0,0.0,48.0,32.0,-8.0,Default,RH,1.0,-6.276559855368747,,,,,,,,,,,,,,,
380,2178,7Networks_RH_Default_PFCv_4,209.0,62.0,83.0,0.0,54.0,24.0,6.0,Default,RH,1.0,-5.206358625419559,,,,,,,,,,,,,,,
381,2179,7Networks_RH_Default_PFCdPFCm_1,208.0,62.0,73.0,0.0,5.0,41.0,-11.0,Default,RH,1.0,,,,,,,,,,,,,,,,
382,2180,7Networks_RH_Default_PFCdPFCm_2,208.0,62.0,74.0,0.0,9.0,67.0,1.0,Default,RH,1.0,-8.027931503229912,,,,,,,,,,,,,,,
383,2181,7Networks_RH_Default_PFCdPFCm_3,208.0,62.0,75.0,0.0,7.0,42.0,4.0,Default,RH,1.0,,,,,,,,,,,,,,,,
384,2182,7Networks_RH_Default_PFCdPFCm_4,208.0,62.0,76.0,0.0,7.0,54.0,13.0,Default,RH,1.0,-8.130244450121106,,,,,,,,,,,,,,,
385,2183,7Networks_RH_Default_PFCdPFCm_5,208.0,62.0,77.0,0.0,17.0,65.0,16.0,Default,RH,1.0,-8.17049997959695,,,,,,,,,,,,,,,
386,2184,7Networks_RH_Default_PFCdPFCm_6,208.0,62.0,79.0,0.0,6.0,25.0,18.0,Default,RH,1.0,,,,,,,,,,,,,,,,
387,2185,7Networks_RH_Default_PFCdPFCm_7,208.0,62.0,80.0,0.0,6.0,58.0,29.0,Default,RH,1.0,-8.500765738888767,,,,,,,,,,,,,,,
388,2186,7Networks_RH_Default_PFCdPFCm_8,208.0,62.0,81.0,0.0,16.0,52.0,36.0,Default,RH,1.0,-8.040734023848119,,,,,,,,,,,,,,,
389,2187,7Networks_RH_Default_PFCdPFCm_9,208.0,62.0,82.0,0.0,5.0,44.0,40.0,Default,RH,1.0,-7.681603342888862,,,,,,,,,,,,,,,
390,2188,7Networks_RH_Default_PFCdPFCm_10,208.0,62.0,83.0,0.0,26.0,34.0,39.0,Default,RH,1.0,-6.114931087033164,,,,,,,,,,,,,,,
391,2189,7Networks_RH_Default_PFCdPFCm_11,208.0,62.0,84.0,0.0,14.0,39.0,52.0,Default,RH,1.0,-8.333112921913216,,,,,,,,,,,,,,,
392,2190,7Networks_RH_Default_PFCdPFCm_12,208.0,62.0,85.0,0.0,24.0,26.0,51.0,Default,RH,1.0,-6.923193997295552,,,,,,,,,,,,,,,
393,2191,7Networks_RH_Default_PFCdPFCm_13,208.0,63.0,78.0,0.0,12.0,20.0,63.0,Default,RH,1.0,-5.879867471016521,,,,,,,,,,,,,,,
394,2192,7Networks_RH_Default_pCunPCC_1,208.0,62.0,78.0,0.0,12.0,-55.0,15.0,Default,RH,1.0,,,,,,,,,,,,,,,,
395,2193,7Networks_RH_Default_pCunPCC_2,208.0,63.0,77.0,0.0,7.0,-44.0,20.0,Default,RH,1.0,,,,,,,,,,,,,,,,
396,2194,7Networks_RH_Default_pCunPCC_3,208.0,63.0,79.0,0.0,17.0,-63.0,28.0,Default,RH,1.0,-2.4287432044931276,,,,,,,,,,,,,,,
397,2195,7Networks_RH_Default_pCunPCC_4,208.0,63.0,80.0,0.0,6.0,-52.0,23.0,Default,RH,1.0,-7.714355952081063,,,,,,,,,,,,,,,
398,2196,7Networks_RH_Default_pCunPCC_5,208.0,63.0,81.0,0.0,5.0,-63.0,31.0,Default,RH,1.0,-7.258131159071909,,,,,,,,,,,,,,,
399,2197,7Networks_RH_Default_pCunPCC_6,208.0,63.0,82.0,0.0,7.0,-39.0,35.0,Default,RH,1.0,-6.813662254877879,,,,,,,,,,,,,,,
400,2198,7Networks_RH_Default_pCunPCC_7,208.0,63.0,83.0,0.0,4.0,-20.0,37.0,Default,RH,1.0,-4.458574975930196,,,,,,,,,,,,,,,
401,2199,7Networks_RH_Default_pCunPCC_8,208.0,63.0,84.0,0.0,10.0,-53.0,35.0,Default,RH,1.0,-7.520378185483208,,,,,,,,,,,,,,,
402,2200,7Networks_RH_Default_pCunPCC_9,208.0,64.0,77.0,0.0,7.0,-50.0,45.0,Default,RH,1.0,-2.275079295606733,,,,,,,,,,,,,,,
